sd-1,life_cycle_annotations - newt,http://animals.mom.me/newts-life-cycle-6838.html,What is an adult newt able to do that a tadpole cannot?,walk on land,swim in water,"qStageDifference(life_cycle,""newt"",""tadpole"",""adult"").option(a,""walk on land"").option(b,""swim in water"")."
sd-2,life_cycle_annotations - newt,http://animals.mom.me/newts-life-cycle-6838.html,A tadpole just turned into an eft. What does it need now?,shade,water,"qStageDifference(life_cycle,""newt"",""tadpole"",""eft"").option(a,""shade"").option(b,""water"")."
sd-3,life cycle annotations 3 - tree2,http://texastreeid.tamu.edu/content/howTreesGrow/,A seedling develops what that a sprout does not have?,protective bark,root,"qStageDifference(life_cycle,""tree"",""seedling"",""sprout"").option(a,""protective bark"").option(b,""root"")."
sd-4,life cycle annotations 3 - tree2,http://texastreeid.tamu.edu/content/howTreesGrow/,What does a mature tree have the ability to do once it develops past the sapling stage?,reproduce,absorb nutrients from the soil,"qStageDifference(life_cycle,""tree"",""mature"",""sapling"").option(a,""reproduce"").option(b,""absorb nutrients from the soil"")."
sd-5,life cycle annotations 3 - tree2,http://texastreeid.tamu.edu/content/howTreesGrow/,"A sapling can't do this, but a mature tree can. What is it?",Reproduce,photosynthesis,"qStageDifference(life_cycle,""tree"",""mature"",""sapling"").option(a,""Reproduce"").option(b,""photosynthesis"")."
sd-6,life cycle annotations 3 - tree2,http://texastreeid.tamu.edu/content/howTreesGrow/,"A mature tree becomes a decline.  Unlike before, its survival is no longer determined by what?",Its vigot,external stresses,"qStageDifference(life_cycle,""tree"",""decline"",""mature"").option(a,""Its vigot"").option(b,""external stresses"")."
sd-7,life cycle annotations 3 - tree2,http://texastreeid.tamu.edu/content/howTreesGrow/,What can a tree not do in the sapling stage that it can in the mature stage?,reproduce,grow,"qStageDifference(life_cycle,""tree"",""sapling"",""mature"").option(a,""reproduce"").option(b,""grow"")."
sd-8,life cycle annotations 3 - tree3,https://visual.ly/community/infographic/home/life-cycle-tree,What do snags do that mature trees don't?,fall,photosynthesis,"qStageDifference(life_cycle,""tree"",""snag"",""mature"").option(a,""fall"").option(b,""photosynthesis"")."
sd-9,life cycle annotations 3 - tree3,https://visual.ly/community/infographic/home/life-cycle-tree,"An adult tree  grows these but a sapling does not, what are they?",flowers,roots,"qStageDifference(life_cycle,""tree"",""fully grown"",""young"").option(a,""flowers"").option(b,""roots"")."
sd-10,life cycle annotations 3 - tree3,https://visual.ly/community/infographic/home/life-cycle-tree,What can a fully grown tree do that a young tree cannot?,grow flowers,grow taller,"qStageDifference(life_cycle,""tree"",""young"",""fully grown"").option(a,""grow flowers"").option(b,""grow taller"")."
sd-11,life cycle annotations 3 - tree3,https://visual.ly/community/infographic/home/life-cycle-tree,What physical features form when a young tree grows into a fully grown tree?,branches and flowers,roots and bark,"qStageDifference(life_cycle,""tree"",""young"",""fully grown"").option(a,""branches and flowers"").option(b,""roots and bark"")."
sd-12,life cycle annotations 3 - tree3,https://visual.ly/community/infographic/home/life-cycle-tree,What physical changes occur as adult trees become matured trees?,it becomes thicker and develops a new layer of bark,it sprouts new branches,"qStageDifference(life_cycle,""tree"",""fully grown"",""mature"").option(a,""it becomes thicker and develops a new layer of bark"").option(b,""it sprouts new branches"")."
sd-13,life cycle annotations 3 - Longleaf Pine,https://longleafalliance.org/what-is-longleaf/the-tree/life-stages,What fungus is more likely to infect a mature tree than a tree at the grass stage?,red heart,brown spot needle blight,"qStageDifference(life_cycle,""longleaf pine"",""mature"",""grass"").option(a,""red heart"").option(b,""brown spot needle blight"")."
sd-14,life cycle annotations 3 - Longleaf Pine,https://longleafalliance.org/what-is-longleaf/the-tree/life-stages,What kind of fire protection does a sapling tree have that a seedling tree lacks?,thick bark,cones,"qStageDifference(life_cycle,""longleaf pine"",""sapling"",""seedling"").option(a,""thick bark"").option(b,""cones"")."
sd-15,life cycle annotations 3 - Longleaf Pine,https://longleafalliance.org/what-is-longleaf/the-tree/life-stages,What are longleaf pines immune to during the grass stage and not in the seedling stage?,fire,winds,"qStageDifference(life_cycle,""longleaf pine"",""seedling"",""grass"").option(a,""fire"").option(b,""winds"")."
sd-16,life_cycle_annotations_2 - bird,https://www.britishbirdlovers.co.uk/identifying-birds/the-life-cycle-of-a-bird,When a nestling becomes a fledgling it gains the ability to do what?,Fly,eat,"qStageDifference(life_cycle,""bird"",""fledgling"",""hatchling"").option(a,""Fly"").option(b,""eat"")."
sd-17,life_cycle_annotations_2 - bird,https://www.britishbirdlovers.co.uk/identifying-birds/the-life-cycle-of-a-bird,What do nestlings have that adults don't?,Down,Feathers,"qStageDifference(life_cycle,""bird"",""nestling"",""adult"").option(a,""Down"").option(b,""Feathers"")."
sd-18,life_cycle_annotations_2 - bird,https://www.britishbirdlovers.co.uk/identifying-birds/the-life-cycle-of-a-bird,What is one thing an adult bird has that it didn't have as subadult?,full adult plumage,feathers,"qStageDifference(life_cycle,""bird"",""adult"",""subadult"").option(a,""full adult plumage"").option(b,""feathers"")."
sd-19,life_cycle_annotations_2 - bird,https://www.britishbirdlovers.co.uk/identifying-birds/the-life-cycle-of-a-bird,What type of feathers do nestling birds have before becoming fledgling?,soft down,flight feathers,"qStageDifference(life_cycle,""bird"",""nestling"",""fledgling"").option(a,""soft down"").option(b,""flight feathers"")."
sd-20,life_cycle_annotations_2 - bird,https://www.britishbirdlovers.co.uk/identifying-birds/the-life-cycle-of-a-bird,What are adult birds able to do that subadults cannot?,reproduce,fly,"qStageDifference(life_cycle,""bird"",""adult"",""subadult"").option(a,""reproduce"").option(b,""fly"")."
sd-21,life cycle annotations 3 - toad1,https://study.com/academy/lesson/life-cycle-of-a-toad-lesson-for-kids.html,When a tadpole becomes a toadlet it gains what?,A sticky tongue,a tail,"qStageDifference(life_cycle,""toad"",""tadpole"",""toadlet"").option(a,""A sticky tongue"").option(b,""a tail"")."
sd-22,life cycle annotations 3 - toad1,https://study.com/academy/lesson/life-cycle-of-a-toad-lesson-for-kids.html,Adult toads will do something that toadlets don't. What is this?,Search for mates,Go back into the water,"qStageDifference(life_cycle,""toad"",""adult"",""toadlet"").option(a,""Search for mates"").option(b,""Go back into the water"")."
sd-23,life cycle annotations 3 - toad1,https://study.com/academy/lesson/life-cycle-of-a-toad-lesson-for-kids.html,What physical feature do toadlets have that tadpoles do not?,legs,tail and gills,"qStageDifference(life_cycle,""toad"",""toadlet"",""tadpole"").option(a,""legs"").option(b,""tail and gills"")."
sd-24,life cycle annotations 3 - tree,https://study.com/academy/lesson/life-cycle-of-a-plant-lesson-for-kids.html,What can adult plants make that young adult plants can't make?,Seeds,leaves,"qStageDifference(life_cycle,""tree"",""adult"",""young adult"").option(a,""Seeds"").option(b,""leaves"")."
sd-25,life cycle annotations 3 - tree,https://study.com/academy/lesson/life-cycle-of-a-plant-lesson-for-kids.html,What features do adult plants have that young adult plants do not?,"flowers, fruit or seeds",leaves and roots,"qStageDifference(life_cycle,""tree"",""adult"",""young adult"").option(a,""flowers, fruit or seeds"").option(b,""leaves and roots"")."
sd-26,life cycle annotations 3 - tree,https://study.com/academy/lesson/life-cycle-of-a-plant-lesson-for-kids.html,How do young adult plants appear compared to adults?,like their parent plants,different from their parents,"qStageDifference(life_cycle,""tree"",""young adult"",""adult"").option(a,""like their parent plants"").option(b,""different from their parents"")."
sd-27,life cycle annotations 3 - tree,https://study.com/academy/lesson/life-cycle-of-a-plant-lesson-for-kids.html,What do adult plants have that seedlings do not?,flowers,roots,"qStageDifference(life_cycle,""tree"",""adult"",""seedling"").option(a,""flowers"").option(b,""roots"")."
sd-28,life cycle annotations 3 - tree,https://study.com/academy/lesson/life-cycle-of-a-plant-lesson-for-kids.html,A seedling will spread which of these into the soil that a seed does not?,roots,branches,"qStageDifference(life_cycle,""tree"",""seedling"",""seed"").option(a,""roots"").option(b,""branches"")."
sd-29,life_cycle_annotations - Praying mantises,http://animals.mom.me/stages-praying-mantis-life-cycle-6282.html,Adolescent praying mantis do something that adults don't do.  What is it?,Shed their exoskeletons.,Eat,"qStageDifference(life_cycle,""praying mantis"",""adolescent"",""adult"").option(a,""Shed their exoskeletons."").option(b,""Eat"")."
sd-30,life_cycle_annotations - Praying mantises,http://animals.mom.me/stages-praying-mantis-life-cycle-6282.html,What do adult mantises do that Adolescents don't do?,mate,molt,"qStageDifference(life_cycle,""praying mantis"",""adult"",""adolescent"").option(a,""mate"").option(b,""molt"")."
sd-31,life_cycle_annotations - Praying mantises,http://animals.mom.me/stages-praying-mantis-life-cycle-6282.html,What is something an adolescent praying mantis does that it no longer does as an adult?,molt,eat,"qStageDifference(life_cycle,""praying mantis"",""adolescent"",""adult"").option(a,""molt"").option(b,""eat"")."
sd-32,life_cycle_annotations - Praying mantises,http://animals.mom.me/stages-praying-mantis-life-cycle-6282.html,What will a nymph praying mantis do more often than it does as an adolescent?,shed its skin,mate,"qStageDifference(life_cycle,""praying mantis"",""nymph"",""adolescent"").option(a,""shed its skin"").option(b,""mate"")."
sd-33,life_cycle_annotations - Praying mantises,http://animals.mom.me/stages-praying-mantis-life-cycle-6282.html,What does praying mantis have in the nymph stage that it doesn't have in the adult stage?,their exoskeleton,heavier abdomens,"qStageDifference(life_cycle,""praying mantis"",""adolescent"",""adult"").option(a,""their exoskeleton"").option(b,""heavier abdomens"")."
sd-34,life_cycle_annotations - Praying mantises,http://animals.mom.me/stages-praying-mantis-life-cycle-6282.html,What is a type of food that a praying mantis eats in the adult stage that it doesn't in other stages?,fruit flies,nesting birds,"qStageDifference(life_cycle,""praying mantis"",""nymph"",""adult"").option(a,""fruit flies"").option(b,""nesting birds"")."
sd-35,life_cycle_annotations - Crickets,https://cricketcare.org/life-cycle/,An adult cricket will have which body part fully developed after the nymph stage?,wings,legs,"qStageDifference(life_cycle,""cricket"",""adult"",""nymph"").option(a,""wings"").option(b,""legs"")."
sd-36,life_cycle_annotations - Crickets,https://cricketcare.org/life-cycle/,An adult cricket develops the ability to do what after the nymph stage?,mate,molt,"qStageDifference(life_cycle,""cricket"",""adult"",""nymph"").option(a,""mate"").option(b,""molt"")."
sd-37,life_cycle_annotations - Crickets,https://cricketcare.org/life-cycle/,What body part does a female adult cricket have that a female nymph lacks?,ovipositor,exoskeleton,"qStageDifference(life_cycle,""cricket"",""adult"",""nymph"").option(a,""ovipositor"").option(b,""exoskeleton"")."
sd-38,life_cycle_annotations - Crickets,https://cricketcare.org/life-cycle/,What is more dangerous for nymphs than for adult crickets?,larger crickets and other insects,mating,"qStageDifference(life_cycle,""cricket"",""nymph"",""adult"").option(a,""larger crickets and other insects"").option(b,""mating"")."
sd-39,life_cycle_annotations - Crickets,https://cricketcare.org/life-cycle/,What can an adult do that a nymph cannot?,Mate,Eat,"qStageDifference(life_cycle,""cricket"",""adult"",""nymph"").option(a,""Mate"").option(b,""Eat"")."
sd-40,Life Cycle annotation 4 - snake1,https://animalsake.com/life-cycle-of-snake,"When an egg becomes a young snake, it stops gaining nutrition from something. What is it?",The yolk,Small reptiles and rodents,"qStageDifference(life_cycle,""oviaporous snake"",""egg"",""young"").option(a,""The yolk"").option(b,""Small reptiles and rodents"")."
sd-41,Life Cycle annotation 4 - snake1,https://animalsake.com/life-cycle-of-snake,Young snakes do something far more often than adult snakes do.  What is this?,Molt,lay eggs,"qStageDifference(life_cycle,""oviaporous snake"",""young"",""adult"").option(a,""Molt"").option(b,""lay eggs"")."
sd-42,Life Cycle annotation 4 - snake1,https://animalsake.com/life-cycle-of-snake,How many more times a year does young oviparous snake shed compared to an adult?,4 more,1/4 as much,"qStageDifference(life_cycle,""oviaporous snake"",""young"",""adult"").option(a,""4 more"").option(b,""1/4 as much"")."
sd-43,Life Cycle annotation 4 - crocodile,https://study.com/academy/lesson/life-cycle-of-a-crocodile-lesson-for-kids.html,What is the appearance of young crocodiles compared to adults?,"like their parents, only smaller",much different from their parents,"qStageDifference(life_cycle,""crocodile"",""baby"",""adult"").option(a,""like their parents, only smaller"").option(b,""much different from their parents"")."
sd-44,Life Cycle annotation 4 - crocodile,https://study.com/academy/lesson/life-cycle-of-a-crocodile-lesson-for-kids.html,What physical feature do crocodiles develop that assists with hunting and eating when changing from young to adult?,60 sharp teeth,sharp claws,"qStageDifference(life_cycle,""crocodile"",""baby"",""adult"").option(a,""60 sharp teeth"").option(b,""sharp claws"")."
sd-45,Life Cycle annotation 4 - crocodile,https://study.com/academy/lesson/life-cycle-of-a-crocodile-lesson-for-kids.html,Name one thing that an adult crocodile can do that a young crocodile can't.,Lay eggs,Eat,"qStageDifference(life_cycle,""crocodile"",""adult"",""baby"").option(a,""Lay eggs"").option(b,""Eat"")."
sd-46,Life Cycle annotation 4 - crocodile,https://study.com/academy/lesson/life-cycle-of-a-crocodile-lesson-for-kids.html,"When a young crocodile grows into an adult, it leave the protection of what?",its mother,the water,"qStageDifference(life_cycle,""crocodile"",""baby"",""adult"").option(a,""its mother"").option(b,""the water"")."
sd-47,life_cycle_annotations - mosquitoes,https://www.mosquito.org/page/lifecycle,At the adult stage what do mosquitoes no longer need for living that eggs do?,water habitat,cold temperatures,"qStageDifference(life_cycle,""mosquito"",""egg"",""adult"").option(a,""water habitat"").option(b,""cold temperatures"")."
sd-48,life_cycle_annotations - mosquitoes,https://www.mosquito.org/page/lifecycle,"Once a mosquito becomes an adult, what does it do that it didn't do as a pupa?",Eat,move its body,"qStageDifference(life_cycle,""mosquito"",""adult"",""pupa"").option(a,""Eat"").option(b,""move its body"")."
sd-49,life_cycle_annotations - mosquitoes,https://www.mosquito.org/page/lifecycle,What do mosquito eggs require in their habitat that adults do not?,water,blood,"qStageDifference(life_cycle,""mosquito"",""egg"",""adult"").option(a,""water"").option(b,""blood"")."
sd-50,life_cycle_annotations - mosquitoes,https://www.mosquito.org/page/lifecycle,What activity stops when mosquito larvae turn into pupae?,feeding,mating,"qStageDifference(life_cycle,""mosquito"",""larva"",""pupa"").option(a,""feeding"").option(b,""mating"")."
sd-51,life_cycle_annotations - mosquitoes,https://www.mosquito.org/page/lifecycle,An adult mosquito can do what that a larva can't?,fly,swim,"qStageDifference(life_cycle,""mosquito"",""adult"",""larva"").option(a,""fly"").option(b,""swim"")."
sd-52,life_cycle_annotations - mosquitoes,https://www.mosquito.org/page/lifecycle,How do mosquitos in the pupa stage behave differently than larva.,"They are mobile, responding to light changes and moving",They fly,"qStageDifference(life_cycle,""mosquito"",""pupa"",""larva"").option(a,""They are mobile, responding to light changes and moving"").option(b,""They fly"")."
sd-53,life cycle annotations 3 - penguin1,https://birdeden.com/penguin-life-cycle,What can the baby penguin do in the chick stage that it can't in the egg stage?,calling,mating,"qStageDifference(life_cycle,""penguin"",""baby"",""adult"").option(a,""calling"").option(b,""mating"")."
sd-54,life cycle annotations 3 - penguin1,https://birdeden.com/penguin-life-cycle,What type of feathers will penguin chick develop as they transition to adult?,waterproof feathers,soft feathers,"qStageDifference(life_cycle,""penguin"",""baby"",""adult"").option(a,""waterproof feathers"").option(b,""soft feathers"")."
sd-55,life cycle annotations 3 - penguin1,https://birdeden.com/penguin-life-cycle,How do baby chick get food before maturing into adult penguins?,from their parents  regurgitating,hunting for food,"qStageDifference(life_cycle,""penguin"",""baby"",""adult"").option(a,""from their parents  regurgitating"").option(b,""hunting for food"")."
sd-56,life cycle annotations 3 - penguin1,https://birdeden.com/penguin-life-cycle,What is one thing a chick stops being when it becomes an adult penguins?,Dependent on its parents for food,Waterproof,"qStageDifference(life_cycle,""penguin"",""baby"",""adult"").option(a,""Dependent on its parents for food"").option(b,""Waterproof"")."
sd-57,life cycle annotations 3 - penguin1,https://birdeden.com/penguin-life-cycle,Name something that an adult penguin can do that a chick cant.,swim,walk,"qStageDifference(life_cycle,""penguin"",""adult"",""baby"").option(a,""swim"").option(b,""walk"")."
sd-58,life cycle annotations 3 - wolf,https://study.com/academy/lesson/wolf-life-cycle-lesson-for-kids.html,A juvenile wolf has developed what ability that differentiates it from a wolf pup?,ability to mate,ability to play,"qStageDifference(life_cycle,""wolf"",""juvenile"",""pup"").option(a,""ability to mate"").option(b,""ability to play"")."
sd-59,life cycle annotations 3 - wolf,https://study.com/academy/lesson/wolf-life-cycle-lesson-for-kids.html,Once a wolf pup develops into a juvenile what is one thing it is now able to do?,going out on their own,hear,"qStageDifference(life_cycle,""wolf"",""juvenile"",""pup"").option(a,""going out on their own"").option(b,""hear"")."
sd-60,life cycle annotations 3 - wolf,https://study.com/academy/lesson/wolf-life-cycle-lesson-for-kids.html,Wolves grow the fastest as pups or juveniles?,pups,juveniles,"qStageDifference(life_cycle,""wolf"",""juvenile"",""pup"").option(a,""pups"").option(b,""juveniles"")."
sd-61,life cycle annotations 3 - wolf,https://study.com/academy/lesson/wolf-life-cycle-lesson-for-kids.html,What can  a juvenile wolf do that a wolf pup can't?,hunt,walk,"qStageDifference(life_cycle,""wolf"",""juvenile"",""pup"").option(a,""hunt"").option(b,""walk"")."
sd-62,life cycle annotations 3 - wolf,https://study.com/academy/lesson/wolf-life-cycle-lesson-for-kids.html,When a wolf pup becomes a juvenile it begins to do what?,Adventure out with the adults,play with their littermates,"qStageDifference(life_cycle,""wolf"",""juvenile"",""pup"").option(a,""Adventure out with the adults"").option(b,""play with their littermates"")."
sd-63,Life Cycle annotation 4 - spider,https://study.com/academy/lesson/life-cycle-of-a-spider-lesson-for-kids.html,How do adult spiders appear compared to spiderlings?,like bigger versions of the small spiderlings,much different from spderlings,"qStageDifference(life_cycle,""spider"",""adult"",""spiderling"").option(a,""like bigger versions of the small spiderlings"").option(b,""much different from spderlings"")."
sd-64,Life Cycle annotation 4 - spider,https://study.com/academy/lesson/life-cycle-of-a-spider-lesson-for-kids.html,What is something that adult spiders do which spiderlings don't?,lay eggs,Spin silk,"qStageDifference(life_cycle,""spider"",""adult"",""spiderling"").option(a,""lay eggs"").option(b,""Spin silk"")."
sd-65,Life Cycle annotation 4 - spider,https://study.com/academy/lesson/life-cycle-of-a-spider-lesson-for-kids.html,A spiderling does what that an adult doesn't do?,Molt,Eat,"qStageDifference(life_cycle,""spider"",""spiderling"",""adult"").option(a,""Molt"").option(b,""Eat"")."
sd-66,life_cycle_annotations_2 - grizzly_bear,https://sciencing.com/life-cycle-grizzly-bears-6663039.html,A grizzly cub can do this but a young adult can't. What is it?,killing larger prey,climbing tree,"qStageDifference(life_cycle,""bear"",""baby"",""young adult"").option(a,""killing larger prey"").option(b,""climbing tree"")."
sd-67,life_cycle_annotations_2 - grizzly_bear,https://sciencing.com/life-cycle-grizzly-bears-6663039.html,"Unlike a cub, a young adult bear no longer lives where?",With its mother,On land,"qStageDifference(life_cycle,""bear"",""young adult"",""baby"").option(a,""With its mother"").option(b,""On land"")."
sd-68,life_cycle_annotations_2 - grizzly_bear,https://sciencing.com/life-cycle-grizzly-bears-6663039.html,Young adult bears are able to do something that cubs can't do. What is it?,Fend for themselves,Eat,"qStageDifference(life_cycle,""bear"",""adult"",""young adult"").option(a,""Fend for themselves"").option(b,""Eat"")."
sd-69,life_cycle_annotations_2 - grizzly_bear,https://sciencing.com/life-cycle-grizzly-bears-6663039.html,What is something an adult bear does that they don't do as a cub?,breed,eat,"qStageDifference(life_cycle,""bear"",""young adult"",""baby"").option(a,""breed"").option(b,""eat"")."
sd-70,life_cycle_annotations_2 - grizzly_bear,https://sciencing.com/life-cycle-grizzly-bears-6663039.html,What's a difference between a newborn bear cub and a young adult bear?,The newborn cub lacks fur.,The newborn cub cannot feed yet.,"qStageDifference(life_cycle,""bear"",""baby"",""young adult"").option(a,""The newborn cub lacks fur."").option(b,""The newborn cub cannot feed yet."")."
sd-71,life_cycle_annotations - fleas,https://www.orkin.com/other/fleas/fleas-life-cycle/,Adult fleas develop which body part after the larval stage?,legs,exoskeleton,"qStageDifference(life_cycle,""flea"",""adult"",""larva"").option(a,""legs"").option(b,""exoskeleton"")."
sd-72,life_cycle_annotations - fleas,https://www.orkin.com/other/fleas/fleas-life-cycle/,Flea larvae construct which structure that adults do not?,cocoon,web,"qStageDifference(life_cycle,""flea"",""larva"",""adult"").option(a,""cocoon"").option(b,""web"")."
sd-73,life_cycle_annotations - fleas,https://www.orkin.com/other/fleas/fleas-life-cycle/,What is one thing that flea larvae eat that adults do not?,Adult flea feces,blood,"qStageDifference(life_cycle,""flea"",""larva"",""adult"").option(a,""Adult flea feces"").option(b,""blood"")."
sd-74,life_cycle_annotations - fleas,https://www.orkin.com/other/fleas/fleas-life-cycle/,Name something that adult fleas can do but larvae can't.,jump,eat organic matter,"qStageDifference(life_cycle,""flea"",""adult"",""larva"").option(a,""jump"").option(b,""eat organic matter"")."
sd-75,Life Cycle annotation 4 - mealworm,http://mealwormcare.org/life-cycle/,What color does a darkling beetle become when it changes from a larva to a pupa,white,brown,"qStageDifference(life_cycle,""darkling beetle"",""larva"",""pupa"").option(a,""white"").option(b,""brown"")."
sd-76,Life Cycle annotation 4 - mealworm,http://mealwormcare.org/life-cycle/,What's one thing a darkling beetle pupa starts doing when it becomes an adult?,walking,transforming,"qStageDifference(life_cycle,""darkling beetle"",""pupa"",""adult"").option(a,""walking"").option(b,""transforming"")."
sd-77,Life Cycle annotation 4 - mealworm,http://mealwormcare.org/life-cycle/,When a mealworm becomes a pupa it is no longer able to do what?,Eat,Wiggle,"qStageDifference(life_cycle,""darkling beetle"",""larva"",""pupa"").option(a,""Eat"").option(b,""Wiggle"")."
sd-78,Life Cycle annotation 4 - mealworm,http://mealwormcare.org/life-cycle/,When the darkling beetle pupa becomes an adult it gains the ability to do what?,Walk,Wiggle,"qStageDifference(life_cycle,""darkling beetle"",""pupa"",""adult"").option(a,""Walk"").option(b,""Wiggle"")."
sd-79,Life Cycle annotation 4 - mealworm,http://mealwormcare.org/life-cycle/,A pdarkling beetle pupa develops which body part that a larva does not?,wing buds,antennae,"qStageDifference(life_cycle,""darkling beetle"",""pupa"",""larva"").option(a,""wing buds"").option(b,""antennae"")."
sd-80,Life Cycle annotation 4 - salmon,https://www.oasisalaskacharters.com/salmon-fishing/7-life-cycle-stages-of-pacific-salmon/,When an Alevin becomes a Fry it moves into what?,slow moving waters,the gravel beds,"qStageDifference(life_cycle,""salmon"",""fry"",""alevin"").option(a,""slow moving waters"").option(b,""the gravel beds"")."
sd-81,Life Cycle annotation 4 - salmon,https://www.oasisalaskacharters.com/salmon-fishing/7-life-cycle-stages-of-pacific-salmon/,A fry becomes a smolt when it loses what?,Its parr marks,Its gills,"qStageDifference(life_cycle,""salmon"",""smolt"",""fry"").option(a,""Its parr marks"").option(b,""Its gills"")."
sd-82,Life Cycle annotation 4 - salmon,https://www.oasisalaskacharters.com/salmon-fishing/7-life-cycle-stages-of-pacific-salmon/,What does an alevin use for food that a fry does not?,orange yolk sac,insects,"qStageDifference(life_cycle,""salmon"",""alevin"",""fry"").option(a,""orange yolk sac"").option(b,""insects"")."
sd-83,Life Cycle annotation 4 - salmon,https://www.oasisalaskacharters.com/salmon-fishing/7-life-cycle-stages-of-pacific-salmon/,A smolt has what kind of marks on it that an adult does not?,"""Parr"" marks",Stripes,"qStageDifference(life_cycle,""salmon"",""smolt"",""adult"").option(a,""""Parr"" marks"").option(b,""Stripes"")."
sd-84,Life Cycle annotation 4 - salmon,https://www.oasisalaskacharters.com/salmon-fishing/7-life-cycle-stages-of-pacific-salmon/,What do salmon feed on during the fry stage and not in the alevin stage?,plankton and insect larvae,orange yolk sac attached to their bodies that provide nutrients,"qStageDifference(life_cycle,""salmon"",""fry"",""alevin"").option(a,""plankton and insect larvae"").option(b,""orange yolk sac attached to their bodies that provide nutrients"")."
sd-85,Life Cycle annotation 4 - salmon,https://www.oasisalaskacharters.com/salmon-fishing/7-life-cycle-stages-of-pacific-salmon/,What is the name of the marks that salmon have during fry state that disappear in th smolt stage?,parr marks,fry marks,"qStageDifference(life_cycle,""salmon"",""fry"",""smolt"").option(a,""parr marks"").option(b,""fry marks"")."
sd-86,life_cycle_annotations - dragonflies,https://www.dragonfly-site.com/dragonfly-life-cycle.html,Where do dragonfly nymphs live before developing into adults?,water,trees,"qStageDifference(life_cycle,""dragonfly"",""nymph"",""adult"").option(a,""water"").option(b,""trees"")."
sd-87,life_cycle_annotations - dragonflies,https://www.dragonfly-site.com/dragonfly-life-cycle.html,What do adult dragonflies have that nymphs don't?,Wings,Heads,"qStageDifference(life_cycle,""dragonfly"",""adult"",""nymph"").option(a,""Wings"").option(b,""Heads"")."
sd-88,life_cycle_annotations - dragonflies,https://www.dragonfly-site.com/dragonfly-life-cycle.html,What do adult dragonflies do what nymphs don't do?,Fly,Swim,"qStageDifference(life_cycle,""dragonfly"",""adult"",""nymph"").option(a,""Fly"").option(b,""Swim"")."
sd-89,life_cycle_annotations - dragonflies,https://www.dragonfly-site.com/dragonfly-life-cycle.html,"What is something a dragonfly larva doesn't have yet, that it will have as an adult?",wings,legs,"qStageDifference(life_cycle,""dragonfly"",""nymph"",""adult"").option(a,""wings"").option(b,""legs"")."
sd-90,life_cycle_annotations_2 - Hammerhead_shark,http://animals.mom.me/steps-hammerhead-sharks-life-cycle-7680.html,What is a juvenile hammerhead shark's diet compared to the adults?,a diet similar to the adults,a diet different to the adults,"qStageDifference(life_cycle,""hammerhead shark"",""juvenile"",""adult"").option(a,""a diet similar to the adults"").option(b,""a diet different to the adults"")."
sd-91,life_cycle_annotations_2 - Hammerhead_shark,http://animals.mom.me/steps-hammerhead-sharks-life-cycle-7680.html,How are hammerhead pups heads shaped compared to adults?,more rounded cephalofoils than adutls,the same as adults only smaller,"qStageDifference(life_cycle,""hammerhead shark"",""pup"",""adult"").option(a,""more rounded cephalofoils than adutls"").option(b,""the same as adults only smaller"")."
sd-92,life_cycle_annotations_2 - Hammerhead_shark,http://animals.mom.me/steps-hammerhead-sharks-life-cycle-7680.html,What is a behavior seen in adult hammerhead sharks not seen in juveniles?,mating,eating,"qStageDifference(life_cycle,""hammerhead shark"",""juvenile"",""adult"").option(a,""mating"").option(b,""eating"")."
sd-93,life_cycle_annotations_2 - Hammerhead_shark,http://animals.mom.me/steps-hammerhead-sharks-life-cycle-7680.html,"Juvenile hammerheads must do this, but adults do not.  What is it?",Hide from predators,Swim,"qStageDifference(life_cycle,""hammerhead shark"",""juvenile"",""adult"").option(a,""Hide from predators"").option(b,""Swim"")."
sd-94,life_cycle_annotations - frog_1,http://www.enchantedlearning.com/subjects/amphibians/label/froglifecycle/label.shtml,When a tadpole with legs becomes a froglet it starts breathing with what?,lungs,gills,"qStageDifference(life_cycle,""frog"",""froglet"",""tadpole with legs"").option(a,""lungs"").option(b,""gills"")."
sd-95,life_cycle_annotations - frog_1,http://www.enchantedlearning.com/subjects/amphibians/label/froglifecycle/label.shtml,What organ do froglets use to breath that tadpoles with legs do not?,lungs,gills,"qStageDifference(life_cycle,""frog"",""tadpole with legs"",""froglet"").option(a,""lungs"").option(b,""gills"")."
sd-96,life_cycle_annotations - frog_1,http://www.enchantedlearning.com/subjects/amphibians/label/froglifecycle/label.shtml,What physical feature is gone when a froglet becomes an adult frog?,tail,gills,"qStageDifference(life_cycle,""frog"",""froglet"",""adult"").option(a,""tail"").option(b,""gills"")."
sd-97,life_cycle_annotations - frog_1,http://www.enchantedlearning.com/subjects/amphibians/label/froglifecycle/label.shtml,A froglet has which body part that a tadpole does not have?,legs,eyes,"qStageDifference(life_cycle,""frog"",""froglet"",""tadpole"").option(a,""legs"").option(b,""eyes"")."
sd-98,life_cycle_annotations_2 - human_1,https://k8schoollessons.com/human-life-cycle/,What can an adolescent do that an old person cannot?,grow taller,read and write,"qStageDifference(life_cycle,""human"",""adolescent"",""old"").option(a,""grow taller"").option(b,""read and write"")."
sd-99,life_cycle_annotations_2 - human_1,https://k8schoollessons.com/human-life-cycle/,What is an adult human capable of that a child normally is not capable of?,Reproducing,Eating,"qStageDifference(life_cycle,""human"",""childhood"",""adulthood"").option(a,""Reproducing"").option(b,""Eating"")."
sd-100,life_cycle_annotations_2 - human_1,https://k8schoollessons.com/human-life-cycle/,After a baby of a human becomes a child it learns communicate by doing what?,talking,Crying,"qStageDifference(life_cycle,""human"",""childhood"",""baby"").option(a,""talking"").option(b,""Crying"")."
sd-101,life_cycle_annotations_2 - human_1,https://k8schoollessons.com/human-life-cycle/,Name one thing that a newborn human baby can do this but a foetus can't.,Breathe,depend on its mother,"qStageDifference(life_cycle,""human"",""baby"",""foetus"").option(a,""Breathe"").option(b,""depend on its mother"")."
sd-102,Life Cycle annotation 4 - butterfly2,https://www.natgeokids.com/nz/discover/animals/insects/butterfly-life-cycle/,What happens to a caterpillar that doesn't happen to a butterfly?,It sheds its skin.,It flies.,"qStageDifference(life_cycle,""butterfly"",""caterpillar"",""adult"").option(a,""It sheds its skin."").option(b,""It flies."")."
sd-103,Life Cycle annotation 4 - butterfly2,https://www.natgeokids.com/nz/discover/animals/insects/butterfly-life-cycle/,"A pupa splits open and the butterfly emerges.  After some preparation, it can do what?",Fly,Remain stationary for several months.,"qStageDifference(life_cycle,""butterfly"",""adult"",""pupa"").option(a,""Fly"").option(b,""Remain stationary for several months."")."
sd-104,life_cycle_annotations_2 - fish,http://seagrant.mit.edu/hatchery/lifecycle.html,What is something a juvenile fish has that they didn't have as a larva?,fins,a mouth,"qStageDifference(life_cycle,""fish"",""larva"",""juvenile"").option(a,""fins"").option(b,""a mouth"")."
sd-105,life_cycle_annotations_2 - fish,http://seagrant.mit.edu/hatchery/lifecycle.html,What characterizes a fish that has moved from the juvenile stage to the adult stage?,the ability to reproduce,the ability to swim,"qStageDifference(life_cycle,""fish"",""juvenile"",""adult"").option(a,""the ability to reproduce"").option(b,""the ability to swim"")."
sd-106,life_cycle_annotations_2 - fish,http://seagrant.mit.edu/hatchery/lifecycle.html,What can adult fish do that Juveniles can't?,reproduce,swim,"qStageDifference(life_cycle,""fish"",""adult"",""juvenile"").option(a,""reproduce"").option(b,""swim"")."
sd-107,life_cycle_annotations_2 - fish,http://seagrant.mit.edu/hatchery/lifecycle.html,"While a juvenile fish can eat this, a larva can't. What is it.",Dry Feed,Live feed,"qStageDifference(life_cycle,""fish"",""juvenile"",""larva"").option(a,""Dry Feed"").option(b,""Live feed"")."
sd-108,life_cycle_annotations_2 - fish,http://seagrant.mit.edu/hatchery/lifecycle.html,An adult fish has which ability that a juvenile lacks?,ability to reproduce,ability to eat,"qStageDifference(life_cycle,""fish"",""adult"",""juvenile"").option(a,""ability to reproduce"").option(b,""ability to eat"")."
sd-109,life_cycle_annotations_2 - fish,http://seagrant.mit.edu/hatchery/lifecycle.html,A fish larvae develops which body part that an egg lacks?,mouth,eyes,"qStageDifference(life_cycle,""fish"",""larva"",""egg"").option(a,""mouth"").option(b,""eyes"")."
sd-110,life_cycle_annotations - frog_3,http://earthsbirthday.org/images/uploads/ip/Frog-Life-Cycle.pdf,When a tadpole becomes a frog it loses its what?,Tail,Legs,"qStageDifference(life_cycle,""frog"",""tadpole"",""adult"").option(a,""Tail"").option(b,""Legs"")."
sd-111,life_cycle_annotations - frog_3,http://earthsbirthday.org/images/uploads/ip/Frog-Life-Cycle.pdf,"Unlike the tadpole, the frog can go where?",On land,In the water,"qStageDifference(life_cycle,""frog"",""adult"",""tadpole"").option(a,""On land"").option(b,""In the water"")."
sd-112,life_cycle_annotations - frog_3,http://earthsbirthday.org/images/uploads/ip/Frog-Life-Cycle.pdf,What organ do tadpoles use to breath as opposed to adult frogs?,gills,lungs,"qStageDifference(life_cycle,""frog"",""tadpole"",""adult"").option(a,""gills"").option(b,""lungs"")."
sd-113,life_cycle_annotations - frog_3,http://earthsbirthday.org/images/uploads/ip/Frog-Life-Cycle.pdf,What body part do tadpoles have that disappears when they become adult frogs?,Tail,Legs,"qStageDifference(life_cycle,""frog"",""tadpole"",""adult"").option(a,""Tail"").option(b,""Legs"")."
sd-114,life_cycle_annotations - frog_3,http://earthsbirthday.org/images/uploads/ip/Frog-Life-Cycle.pdf,When does a frog eat that tadpoles can't?,insects,plants,"qStageDifference(life_cycle,""frog"",""tadpole"",""adult"").option(a,""insects"").option(b,""plants"")."
sd-115,life_cycle_annotations - frog_3,http://earthsbirthday.org/images/uploads/ip/Frog-Life-Cycle.pdf,What does a tadpole use that it doesn't use after it becomes a frog?,gills,legs,"qStageDifference(life_cycle,""frog"",""tadpole"",""adult"").option(a,""gills"").option(b,""legs"")."
sd-116,life_cycle_annotations - lizard,https://www.cuteness.com/article/life-cycles-lizards,"Juvenile lizards can't do this, but adult lizards can.  What is it?",Lay eggs,Walk,"qStageDifference(life_cycle,""lizard"",""adult"",""juvenile"").option(a,""Lay eggs"").option(b,""Walk"")."
sd-117,life_cycle_annotations - lizard,https://www.cuteness.com/article/life-cycles-lizards,What is something an adult lizard can do that a juvenile cannot?,mate,fend for themselves,"qStageDifference(life_cycle,""lizard"",""adult"",""juvenile"").option(a,""mate"").option(b,""fend for themselves"")."
sd-118,life cycle annotations 3 - penguin2,https://study.com/academy/lesson/life-cycle-of-an-emperor-penguin-lesson-for-kids.html,What type of feathers do adult penguins have that chicks do not?,waterproof,soft feathers,"qStageDifference(life_cycle,""penguin"",""big chick"",""baby"").option(a,""waterproof"").option(b,""soft feathers"")."
sd-119,life cycle annotations 3 - penguin2,https://study.com/academy/lesson/life-cycle-of-an-emperor-penguin-lesson-for-kids.html,How are baby chicks fed before they become adult penguins?,the mother penguin spits up food stored in her stomach to feed,hunting,"qStageDifference(life_cycle,""penguin"",""baby"",""adult"").option(a,""the mother penguin spits up food stored in her stomach to feed"").option(b,""hunting"")."
sd-120,life cycle annotations 3 - penguin2,https://study.com/academy/lesson/life-cycle-of-an-emperor-penguin-lesson-for-kids.html,What signals the transition of a penguin from a big chick to an adult?,They are ready to go fishing.,They can walk around.,"qStageDifference(life_cycle,""penguin"",""big chick"",""adult"").option(a,""They are ready to go fishing."").option(b,""They can walk around."")."
sd-121,life cycle annotations 3 - penguin2,https://study.com/academy/lesson/life-cycle-of-an-emperor-penguin-lesson-for-kids.html,What does a big chick need for food that an adult penguin doesn't need?,their parent,fish,"qStageDifference(life_cycle,""penguin"",""big chick"",""adult"").option(a,""their parent"").option(b,""fish"")."
sd-122,life cycle annotations 3 - penguin2,https://study.com/academy/lesson/life-cycle-of-an-emperor-penguin-lesson-for-kids.html,A big penguin chick can do something that a baby chick can't. What is it?,Stand on ice by itself,Eat,"qStageDifference(life_cycle,""penguin"",""big chick"",""baby"").option(a,""Stand on ice by itself"").option(b,""Eat"")."
sd-123,life cycle annotations 3 - chicken,http://animals.mom.me/life-cycle-of-chickens-12202466.html,What type of food does a baby chick eat after hatching from the egg?,special feed and chick grit,yolk,"qStageDifference(life_cycle,""chicken"",""chick"",""egg"").option(a,""special feed and chick grit"").option(b,""yolk"")."
sd-124,life cycle annotations 3 - chicken,http://animals.mom.me/life-cycle-of-chickens-12202466.html,What can adult chickens do at 5-7 months that young baby chick cannot?,lay eggs,fly,"qStageDifference(life_cycle,""chicken"",""adult"",""chick"").option(a,""lay eggs"").option(b,""fly"")."
sd-125,life cycle annotations 3 - chicken,http://animals.mom.me/life-cycle-of-chickens-12202466.html,When a baby chick develops from an egg what does it no longer need?,Its mother,feed,"qStageDifference(life_cycle,""chicken"",""chick"",""egg"").option(a,""Its mother"").option(b,""feed"")."
sd-126,life cycle annotations 3 - chicken,http://animals.mom.me/life-cycle-of-chickens-12202466.html,A baby chick is able to eat which thing after hatching from an egg ?,chick grit,yolk,"qStageDifference(life_cycle,""chicken"",""chick"",""egg"").option(a,""chick grit"").option(b,""yolk"")."
sd-127,life cycle annotations 3 - chicken,http://animals.mom.me/life-cycle-of-chickens-12202466.html,"Once an egg hatches, the baby chick requires what?",Water,yolk,"qStageDifference(life_cycle,""chicken"",""chick"",""egg"").option(a,""Water"").option(b,""yolk"")."
sd-128,life cycle annotations 3 - chicken,http://animals.mom.me/life-cycle-of-chickens-12202466.html,When a baby chick becomes an adult chicken it can eat what?,adult chicken feed,chick grit,"qStageDifference(life_cycle,""chicken"",""adult"",""chick"").option(a,""adult chicken feed"").option(b,""chick grit"")."
sd-129,life cycle annotations 3 - chicken,http://animals.mom.me/life-cycle-of-chickens-12202466.html,What can a baby chick eat that an adult chicken does not?,chick grit,eggs,"qStageDifference(life_cycle,""chicken"",""chick"",""egg"").option(a,""chick grit"").option(b,""eggs"")."
sd-130,life_cycle_annotations - butterfly,http://www3.canisius.edu/~grandem/butterflylifecycle/The_Lifecycle_of_a_Butterfly_print.html,What does a butterfly have that a caterpillar doesn't have?,Wings,Legs,"qStageDifference(life_cycle,""butterfly"",""caterpillar"",""adult"").option(a,""Wings"").option(b,""Legs"")."
sd-131,life_cycle_annotations - butterfly,http://www3.canisius.edu/~grandem/butterflylifecycle/The_Lifecycle_of_a_Butterfly_print.html,What can a caterpillar do that a chrysalis can't do?,Walk,Remain stationary,"qStageDifference(life_cycle,""butterfly"",""caterpillar"",""pupa"").option(a,""Walk"").option(b,""Remain stationary"")."
sd-132,life_cycle_annotations_2 - whale,https://www.wildaboutwhales.com.au/whale-facts/about-whales/whale-life-cycle,When a baby whale becomes an adolescent it no longer eats what?,Milk,food,"qStageDifference(life_cycle,""whale"",""baby"",""adolescent"").option(a,""Milk"").option(b,""food"")."
sd-133,life_cycle_annotations_2 - whale,https://www.wildaboutwhales.com.au/whale-facts/about-whales/whale-life-cycle,What does an baby whale leave when it becomes an adolescent?,Their original Pod,Their Bachelor Pod,"qStageDifference(life_cycle,""whale"",""baby"",""adolescent"").option(a,""Their original Pod"").option(b,""Their Bachelor Pod"")."
sd-134,life cycle annotations 3 - human2,https://study.com/academy/lesson/human-life-cycle-lesson-for-kids.html,What is something that stops happening when a human is no longer a teenager and is in the adult stage?,They stop growing,They stop feeding,"qStageDifference(life_cycle,""human"",""teenage"",""adult"").option(a,""They stop growing"").option(b,""They stop feeding"")."
sd-135,life cycle annotations 3 - human2,https://study.com/academy/lesson/human-life-cycle-lesson-for-kids.html,What is one thing that adults can do that children can't?,have babes,Talk,"qStageDifference(life_cycle,""human"",""childhood"",""adult"").option(a,""have babes"").option(b,""Talk"")."
sd-136,life cycle annotations 3 - human2,https://study.com/academy/lesson/human-life-cycle-lesson-for-kids.html,What's something that children can do but babies can't?,Walk,Crawl,"qStageDifference(life_cycle,""human"",""baby"",""childhood"").option(a,""Walk"").option(b,""Crawl"")."
sd-137,life cycle annotations 3 - human2,https://study.com/academy/lesson/human-life-cycle-lesson-for-kids.html,What can a human child do that a human baby cannot?,walk,communicate,"qStageDifference(life_cycle,""human"",""childhood"",""baby"").option(a,""walk"").option(b,""communicate"")."
sd-138,life cycle annotations 3 - human2,https://study.com/academy/lesson/human-life-cycle-lesson-for-kids.html,What is something a teen has gone through that a child has not?,puberty,birth,"qStageDifference(life_cycle,""human"",""prenatal"",""teenage"").option(a,""puberty"").option(b,""birth"")."
sd-139,life cycle annotations 3 - human2,https://study.com/academy/lesson/human-life-cycle-lesson-for-kids.html,A child develops which ability after it leaves the baby stage?,talk,eat,"qStageDifference(life_cycle,""human"",""childhood"",""baby"").option(a,""talk"").option(b,""eat"")."
sd-140,life cycle annotations 3 - human2,https://study.com/academy/lesson/human-life-cycle-lesson-for-kids.html,What is one thing that differentiates a teenage human from a child?,a changed voice,ability to walk,"qStageDifference(life_cycle,""human"",""teenage"",""childhood"").option(a,""a changed voice"").option(b,""ability to walk"")."
sd-141,life_cycle_annotations - Cockroach,https://www.orkin.com/cockroaches/american-cockroach/american-cockroach-life-cycle/,What feature will cockroaches develop when changing from nymph to adult?,wings,legs,"qStageDifference(life_cycle,""cockroach"",""nymph"",""adult"").option(a,""wings"").option(b,""legs"")."
sd-142,life_cycle_annotations - Cockroach,https://www.orkin.com/cockroaches/american-cockroach/american-cockroach-life-cycle/,What do cockroach nymphs do when changing into adults?,shed their exoskeleton,grow legs,"qStageDifference(life_cycle,""cockroach"",""nymph"",""adult"").option(a,""shed their exoskeleton"").option(b,""grow legs"")."
sd-143,life_cycle_annotations - Cockroach,https://www.orkin.com/cockroaches/american-cockroach/american-cockroach-life-cycle/,What do cockroach nymphs stop doing when they become adults?,molting,eating,"qStageDifference(life_cycle,""cockroach"",""nymph"",""adult"").option(a,""molting"").option(b,""eating"")."
sd-144,life_cycle_annotations - Cockroach,https://www.orkin.com/cockroaches/american-cockroach/american-cockroach-life-cycle/,"Adult cockroaches can do something that nymphs can't, what is it?",reproduce,eat,"qStageDifference(life_cycle,""cockroach"",""adult"",""nymph"").option(a,""reproduce"").option(b,""eat"")."
sd-145,Life Cycle annotation 4 - african goliath beetle,https://study.com/academy/lesson/african-goliath-beetle-life-cycle-lesson-for-kids.html,What is one thing that adult African goliath beetles have that larvae lack?,Eyes,Mouths,"qStageDifference(life_cycle,""african goliath beetle"",""adult"",""larva"").option(a,""Eyes"").option(b,""Mouths"")."
sd-146,Life Cycle annotation 4 - african goliath beetle,https://study.com/academy/lesson/african-goliath-beetle-life-cycle-lesson-for-kids.html,When an  African goliath beetle larva becomes a pupa it loses its ability to do some things. What is one of those things?,Move.,sleep,"qStageDifference(life_cycle,""african goliath beetle"",""pupa"",""larva"").option(a,""Move."").option(b,""sleep"")."
sd-147,Life Cycle annotation 4 - african goliath beetle,https://study.com/academy/lesson/african-goliath-beetle-life-cycle-lesson-for-kids.html,What do the pupae of African goliath beetles do with their spit that adults do not?,make a thin case,line a hole for eggs,"qStageDifference(life_cycle,""african goliath beetle"",""pupa"",""adult"").option(a,""make a thin case"").option(b,""line a hole for eggs"")."
sd-148,Life Cycle annotation 4 - african goliath beetle,https://study.com/academy/lesson/african-goliath-beetle-life-cycle-lesson-for-kids.html,What sensory organ is useful for adult African goliath beetles but not for their larvae?,eyes,ears,"qStageDifference(life_cycle,""african goliath beetle"",""adult"",""larva"").option(a,""eyes"").option(b,""ears"")."
sd-149,life_cycle_annotations - lice,https://www.cdc.gov/parasites/lice/head/biology.html,Adult lice need to do what that nymphs don't need to do?,feed on blood,breathe,"qStageDifference(life_cycle,""lice"",""adult"",""nymph"").option(a,""feed on blood"").option(b,""breathe"")."
sd-150,life_cycle_annotations - lice,https://www.cdc.gov/parasites/lice/head/biology.html,When a nymph becomes an adult it becomes capable of what?,reproduction,walking,"qStageDifference(life_cycle,""lice"",""adult"",""nymph"").option(a,""reproduction"").option(b,""walking"")."
sd-151,life_cycle_annotations - lice,https://www.cdc.gov/parasites/lice/head/biology.html,How does a lice nymph appear compare to an adult?,"like an adult head louse, but is about the size of a pinhead.",different from the adult and smaller,"qStageDifference(life_cycle,""lice"",""nymph"",""adult"").option(a,""like an adult head louse, but is about the size of a pinhead."").option(b,""different from the adult and smaller"")."
sd-152,life_cycle_annotations - lice,https://www.cdc.gov/parasites/lice/head/biology.html,What happens to the nit shell of lice when it hatches from its egg and enters the nymph stage?,It becomes a more visible dull yellow and remains attached to the hair shaft,It disappears,"qStageDifference(life_cycle,""lice"",""egg"",""nymph"").option(a,""It becomes a more visible dull yellow and remains attached to the hair shaft"").option(b,""It disappears"")."
sd-153,life_cycle_annotations - lice,https://www.cdc.gov/parasites/lice/head/biology.html,What's one way a head louse egg differs from the nymph?,It stays in one place.,It feeds off of your blood.,"qStageDifference(life_cycle,""lice"",""egg"",""nymph"").option(a,""It stays in one place."").option(b,""It feeds off of your blood."")."
sd-154,life_cycle_annotations - lice,https://www.cdc.gov/parasites/lice/head/biology.html,How does the appearance of a head louse nymph differ from that of an adult?,size and color,shape and size,"qStageDifference(life_cycle,""lice"",""nymph"",""adult"").option(a,""size and color"").option(b,""shape and size"")."
sd-155,Life Cycle annotation 4 - salmon2,https://biologywise.com/salmon-life-cycle,"When it Smolt becomes an adult salmon, it gains what feature?",Distinctive body markings,a tail,"qStageDifference(life_cycle,""salmon"",""adult"",""smolt"").option(a,""Distinctive body markings"").option(b,""a tail"")."
sd-156,Life Cycle annotation 4 - salmon2,https://biologywise.com/salmon-life-cycle,A par becomes a smolt.  Now it will move to where?,the estuary,the river,"qStageDifference(life_cycle,""salmon"",""smolt"",""parr"").option(a,""the estuary"").option(b,""the river"")."
sd-157,life_cycle_annotations - moth,https://www.mothprevention.com/pages/the-clothes-moth-life-cycle,Moth larva eat something that adult moths don't eat. What is it?,Clothes,bugs,"qStageDifference(life_cycle,""moth"",""larva"",""adult"").option(a,""Clothes"").option(b,""bugs"")."
sd-158,life_cycle_annotations - moth,https://www.mothprevention.com/pages/the-clothes-moth-life-cycle,What can adult moths do that larva are unable to do?,Fly,Crawl,"qStageDifference(life_cycle,""moth"",""adult"",""larva"").option(a,""Fly"").option(b,""Crawl"")."
sd-159,life_cycle_annotations - moth,https://www.mothprevention.com/pages/the-clothes-moth-life-cycle,What do moths eat the larvae stage before becoming pupa?,clothing,insects,"qStageDifference(life_cycle,""moth"",""larva"",""cocoon"").option(a,""clothing"").option(b,""insects"")."
sd-160,Life Cycle annotation 4 - scorpion,https://study.com/academy/lesson/scorpion-life-cycle-lesson-for-kids.html,What is the scorpions appearance in the nymph stage compared to the adult stage?,like a smaller version of their parents,smaller and different from their parents,"qStageDifference(life_cycle,""scorpion"",""nymph"",""adult"").option(a,""like a smaller version of their parents"").option(b,""smaller and different from their parents"")."
sd-161,Life Cycle annotation 4 - scorpion,https://study.com/academy/lesson/scorpion-life-cycle-lesson-for-kids.html,When a scorpion nymph becomes an adult it gains the ability to do what?,Feed itself,ride its mother's back,"qStageDifference(life_cycle,""scorpion"",""adult"",""nymph"").option(a,""Feed itself"").option(b,""ride its mother's back"")."
sd-162,Life Cycle annotation 4 - scorpion,https://study.com/academy/lesson/scorpion-life-cycle-lesson-for-kids.html,"As a scorpion nymph grows into an adult, it must leave what place?",Its mother's back,the land,"qStageDifference(life_cycle,""scorpion"",""adult"",""nymph"").option(a,""Its mother's back"").option(b,""the land"")."
sd-163,life_cycle_annotations - grasshopper,https://animalsake.com/life-cycle-of-grasshoppers,What to adult grasshoppers have that nymphs don't?,Wings,legs,"qStageDifference(life_cycle,""grasshopper"",""adult"",""nymph"").option(a,""Wings"").option(b,""legs"")."
sd-164,life_cycle_annotations - grasshopper,https://animalsake.com/life-cycle-of-grasshoppers,What physical feature will grasshoppers develop when changing from nymphs to adults?,wings,legs,"qStageDifference(life_cycle,""grasshopper"",""nymph"",""adult"").option(a,""wings"").option(b,""legs"")."
sd-165,life cycle annotations 3 - hen,https://study.com/academy/lesson/life-cycle-of-a-hen-lesson-for-kids.html,What are pullets able to do once they become full-grown hens?,lay eggs,fly,"qStageDifference(life_cycle,""hen"",""pullet"",""adult"").option(a,""lay eggs"").option(b,""fly"")."
sd-166,life cycle annotations 3 - hen,https://study.com/academy/lesson/life-cycle-of-a-hen-lesson-for-kids.html,A pullet has grown into an adult hen. What will it start doing?,Laying eggs,Eat,"qStageDifference(life_cycle,""hen"",""pullet"",""adult"").option(a,""Laying eggs"").option(b,""Eat"")."
sd-167,life cycle annotations 3 - hen,https://study.com/academy/lesson/life-cycle-of-a-hen-lesson-for-kids.html,When a baby hen becomes a pullet it will loose its what?,down,feathers,"qStageDifference(life_cycle,""hen"",""baby"",""pullet"").option(a,""down"").option(b,""feathers"")."
