si-1,Life Cycle annotation 4 - african goliath beetle,https://study.com/academy/lesson/african-goliath-beetle-life-cycle-lesson-for-kids.html,When do you consider an african goliath beetle to have reached the adult stage?,When it starts looking for mates,When it looks like a squishy worm with no eyes,"qStageIndicator(life_cycle,""african goliath beetle"",""adult"").option(a,""When it starts looking for mates"").option(b,""When it looks like a squishy worm with no eyes"")."
si-2,Life Cycle annotation 4 - african goliath beetle,https://study.com/academy/lesson/african-goliath-beetle-life-cycle-lesson-for-kids.html,What indicates that the african goliath beetle is still in the pupae stage?,It starts growing long legs,It lives under the soil,"qStageIndicator(life_cycle,""african goliath beetle"",""pupa"").option(a,""It starts growing long legs"").option(b,""It lives under the soil"")."
si-3,Life Cycle annotation 4 - african goliath beetle,https://study.com/academy/lesson/african-goliath-beetle-life-cycle-lesson-for-kids.html,What indicates that the african goliath beetle is still in the pupae stage?,It rests inside a thin soil case,It lives under the soil,"qStageIndicator(life_cycle,""african goliath beetle"",""pupa"").option(a,""It rests inside a thin soil case"").option(b,""It lives under the soil"")."
si-4,Life Cycle annotation 4 - african goliath beetle,https://study.com/academy/lesson/african-goliath-beetle-life-cycle-lesson-for-kids.html,What indicates that the african larval beetle is still in the pupae stage?,When it looks like a squishy worm with no eyes,It lives underground,"qStageIndicator(life_cycle,""african goliath beetle"",""larva"").option(a,""When it looks like a squishy worm with no eyes"").option(b,""It lives underground"")."
si-5,Life Cycle annotation 4 - african goliath beetle,https://study.com/academy/lesson/african-goliath-beetle-life-cycle-lesson-for-kids.html,When do you consider  a black widow spider to have reached the adult stage?,When they crawl out of their cases in the soil and fly off.,When they are hiding in their cases.,"qStageIndicator(life_cycle,""african goliath beetle"",""adult"").option(a,""When they crawl out of their cases in the soil and fly off."").option(b,""When they are hiding in their cases."")."
si-6,Life Cycle annotation 4 - Black Widow,https://layers-of-learning.com/life-cycle-spider/,When do you consider a black widow spider to be in the baby stage?,When it balloons,When it mates,"qStageIndicator(life_cycle,""black widow"",""baby"").option(a,""When it balloons"").option(b,""When it mates"")."
si-7,Life Cycle annotation 4 - Black Widow,https://layers-of-learning.com/life-cycle-spider/,What best indicates that a black widow spider has reached the adult stage?,When it mates,When it balloons,"qStageIndicator(life_cycle,""black widow"",""adult"").option(a,""When it mates"").option(b,""When it balloons"")."
si-8,Life Cycle annotation 4 - butterfly2,https://www.natgeokids.com/nz/discover/animals/insects/butterfly-life-cycle/,When do you believe a butterfly reaches the adult stage?,When it can fly,When it feeds,"qStageIndicator(life_cycle,""butterfly"",""adult"").option(a,""When it can fly"").option(b,""When it feeds"")."
si-9,Life Cycle annotation 4 - butterfly2,https://www.natgeokids.com/nz/discover/animals/insects/butterfly-life-cycle/,What shows that a butterfly is in the caterpillar stage?,It recently emerged from the egg,It lives outside the egg,"qStageIndicator(life_cycle,""butterfly"",""caterpillar"").option(a,""It recently emerged from the egg"").option(b,""It lives outside the egg"")."
si-10,Life Cycle annotation 4 - crocodile,https://study.com/academy/lesson/life-cycle-of-a-crocodile-lesson-for-kids.html,What shows that a crocodile is in the young stage?,It looks just like an adult but a lot smaller,It seeks out mates,"qStageIndicator(life_cycle,""crocodile"",""young"").option(a,""It looks just like an adult but a lot smaller"").option(b,""It seeks out mates"")."
si-11,Life Cycle annotation 4 - crocodile,https://study.com/academy/lesson/life-cycle-of-a-crocodile-lesson-for-kids.html,When do you believe a crocodile reaches the adult stage?,When it seeks out mates,When it is growing,"qStageIndicator(life_cycle,""crocodile"",""adult"").option(a,""When it seeks out mates"").option(b,""When it is growing"")."
si-12,Life Cycle annotation 4 - crocodile,https://study.com/academy/lesson/life-cycle-of-a-crocodile-lesson-for-kids.html,What tells you that a crocodile is at its young age?,It looks just like an adult but a lot smaller,It seeks out mates,"qStageIndicator(life_cycle,""crocodile"",""young"").option(a,""It looks just like an adult but a lot smaller"").option(b,""It seeks out mates"")."
si-13,Life Cycle annotation 4 - crocodile,https://study.com/academy/lesson/life-cycle-of-a-crocodile-lesson-for-kids.html,When do you believe a crocodile reaches the adult stage?,When it develops upto 60 teeths,When it is growing,"qStageIndicator(life_cycle,""crocodile"",""adult"").option(a,""When it develops upto 60 teeths"").option(b,""When it is growing"")."
si-14,Life Cycle annotation 4 - mealworm,http://mealwormcare.org/life-cycle/,What shows that the darkling beetle is in the larva stage?,It spends its time eating to save up energy for the next transformation,It has an exoskeleton,"qStageIndicator(life_cycle,""darkling beetle"",""larva"").option(a,""It spends its time eating to save up energy for the next transformation"").option(b,""It has an exoskeleton"")."
si-15,Life Cycle annotation 4 - mealworm,http://mealwormcare.org/life-cycle/,When do you think a darkling beetle has reached the pupa stage?,When it can lay eggs,It has an exoskeleton,"qStageIndicator(life_cycle,""darkling beetle"",""adult"").option(a,""When it can lay eggs"").option(b,""It has an exoskeleton"")."
si-16,Life Cycle annotation 4 - mealworm,http://mealwormcare.org/life-cycle/,When do you think a darkling beetle has reached the pupa stage?,When it has no mouth,When it has wings,"qStageIndicator(life_cycle,""darkling beetle"",""pupa"").option(a,""When it has no mouth"").option(b,""When it has wings"")."
si-17,Life Cycle annotation 4 - mealworm,http://mealwormcare.org/life-cycle/,When do you think a darkling beetle has reached the pupa stage?,When it does not eat,When it has wings,"qStageIndicator(life_cycle,""darkling beetle"",""pupa"").option(a,""When it does not eat"").option(b,""When it has wings"")."
si-18,Life Cycle annotation 4 - mealworm,http://mealwormcare.org/life-cycle/,When do you think a darkling beetle has reached the pupa stage?,When it has no mouth,When it has wings,"qStageIndicator(life_cycle,""darkling beetle"",""pupa"").option(a,""When it has no mouth"").option(b,""When it has wings"")."
si-19,Life Cycle annotation 4 - mealworm,http://mealwormcare.org/life-cycle/,When do you think a darkling beetle has reached the adult stage?,When it can lay eggs,When it has wing buds,"qStageIndicator(life_cycle,""darkling beetle"",""adult"").option(a,""When it can lay eggs"").option(b,""When it has wing buds"")."
si-20,Life Cycle annotation 4 - salmon,https://www.oasisalaskacharters.com/salmon-fishing/7-life-cycle-stages-of-pacific-salmon/,What indicates that the salmon is still in the smolt stage?,It starts moving toward saltwater,It grows in size,"qStageIndicator(life_cycle,""salmon"",""smolt"").option(a,""It starts moving toward saltwater"").option(b,""It grows in size"")."
si-21,Life Cycle annotation 4 - salmon,https://www.oasisalaskacharters.com/salmon-fishing/7-life-cycle-stages-of-pacific-salmon/,When do you consider a salmon to have reached the post-spawn stage?,When it makes it spawning grounds,When it swims upstream,"qStageIndicator(life_cycle,""salmon"",""post-spawn"").option(a,""When it makes it spawning grounds"").option(b,""When it swims upstream"")."
si-22,Life Cycle annotation 4 - salmon,https://www.oasisalaskacharters.com/salmon-fishing/7-life-cycle-stages-of-pacific-salmon/,When does the salmon enters the alevin stage?,When the egg hatches.,When they complete the migration.,"qStageIndicator(life_cycle,""salmon"",""alevin"").option(a,""When the egg hatches."").option(b,""When they complete the migration."")."
si-23,Life Cycle annotation 4 - salmon,https://www.oasisalaskacharters.com/salmon-fishing/7-life-cycle-stages-of-pacific-salmon/,When does the salmon enters the alevin stage?,When it has a noticeable orange yolk sac attached to its body,When it completes the migration.,"qStageIndicator(life_cycle,""salmon"",""alevin"").option(a,""When it has a noticeable orange yolk sac attached to its body"").option(b,""When it completes the migration."")."
si-24,Life Cycle annotation 4 - salmon,https://www.oasisalaskacharters.com/salmon-fishing/7-life-cycle-stages-of-pacific-salmon/,When does the salmon enters the fry stage?,When it has  noticeable parr marks,when it has a mouth,"qStageIndicator(life_cycle,""salmon"",""fry"").option(a,""When it has  noticeable parr marks"").option(b,""when it has a mouth"")."
si-25,Life Cycle annotation 4 - salmon,https://www.oasisalaskacharters.com/salmon-fishing/7-life-cycle-stages-of-pacific-salmon/,At what stage is the salmon considered an adult?,When it completes the migration from freshwater to saltwater.,When it makes it to the spawning grounds without being caught.,"qStageIndicator(life_cycle,""salmon"",""adult"").option(a,""When it completes the migration from freshwater to saltwater."").option(b,""When it makes it to the spawning grounds without being caught."")."
si-26,Life Cycle annotation 4 - salmon2,https://biologywise.com/salmon-life-cycle,When do you consider a salmon to have reached the adult stage?,When it stops eating,When it lives underwater,"qStageIndicator(life_cycle,""salmon"",""adult"").option(a,""When it stops eating"").option(b,""When it lives underwater"")."
si-27,Life Cycle annotation 4 - salmon2,https://biologywise.com/salmon-life-cycle,When does a salmon has reached the smolt stage?,When they reach the estuary,When they swim,"qStageIndicator(life_cycle,""salmon"",""smolt"").option(a,""When they reach the estuary"").option(b,""When they swim"")."
si-28,Life Cycle annotation 4 - salmon2,https://biologywise.com/salmon-life-cycle,When does a salmon has reached the alevin stage?,When they have a bright orange sack attached to their body,When they live in  gravel beds,"qStageIndicator(life_cycle,""salmon"",""alevin"").option(a,""When they have a bright orange sack attached to their body"").option(b,""When they live in  gravel beds"")."
si-29,Life Cycle annotation 4 - scorpion,https://study.com/academy/lesson/scorpion-life-cycle-lesson-for-kids.html,What best shows that a scorpion is in the nymph stage?,It molts,It is inside its mother body,"qStageIndicator(life_cycle,""scorpion"",""nymph"").option(a,""It molts"").option(b,""It is inside its mother body"")."
si-30,Life Cycle annotation 4 - scorpion,https://study.com/academy/lesson/scorpion-life-cycle-lesson-for-kids.html,When do you believe a scorpion reaches the adult stage?,When it can mate and reproduce,When it lives on its own,"qStageIndicator(life_cycle,""scorpion"",""adult"").option(a,""When it can mate and reproduce"").option(b,""When it lives on its own"")."
si-31,Life Cycle annotation 4 - snake1,https://animalsake.com/life-cycle-of-snake,When do you think an oviaporous snake has reached the adult snake stage?,When it sheds only once a year,When it sheds its skin,"qStageIndicator(life_cycle,""oviaporous snake"",""adult"").option(a,""When it sheds only once a year"").option(b,""When it sheds its skin"")."
si-32,Life Cycle annotation 4 - snake1,https://animalsake.com/life-cycle-of-snake,What tells you that an oviaporous snake is in the young  stage?,It just came out of the egg,It is shedding skins,"qStageIndicator(life_cycle,""oviaporous snake"",""young"").option(a,""It just came out of the egg"").option(b,""It is shedding skins"")."
si-33,Life Cycle annotation 4 - spider,https://study.com/academy/lesson/life-cycle-of-a-spider-lesson-for-kids.html,What indicates that the spider is in the spiderling stage?,It is a tiny version of a more developed spider.,It molts.,"qStageIndicator(life_cycle,""spider"",""spiderling"").option(a,""It is a tiny version of a more developed spider."").option(b,""It molts."")."
si-34,Life Cycle annotation 4 - spider,https://study.com/academy/lesson/life-cycle-of-a-spider-lesson-for-kids.html,What shows that the spider is in the adult stage?,It lay eggs,It molts.,"qStageIndicator(life_cycle,""spider"",""egg"").option(a,""It lay eggs"").option(b,""It molts."")."
si-35,life cycle annotations 3 - chicken,http://animals.mom.me/life-cycle-of-chickens-12202466.html,When do you believe a chicken reaches the adult stage?,When it begins laying eggs,When it no longer needs its mother,"qStageIndicator(life_cycle,""chicken"",""adult"").option(a,""When it begins laying eggs"").option(b,""When it no longer needs its mother"")."
si-36,life cycle annotations 3 - chicken,http://animals.mom.me/life-cycle-of-chickens-12202466.html,What shows that a chicken is still in the baby chick stage?,It need chick grit to eat,It requires water,"qStageIndicator(life_cycle,""chicken"",""baby"").option(a,""It need chick grit to eat"").option(b,""It requires water"")."
si-37,life cycle annotations 3 - hen,https://study.com/academy/lesson/life-cycle-of-a-hen-lesson-for-kids.html,When is a chicken considered an adult hen?,When it is old enough to start laying eggs on her own.,When it has feathers,"qStageIndicator(life_cycle,""hen"",""adult"").option(a,""When it is old enough to start laying eggs on her own."").option(b,""When it has feathers"")."
si-38,life cycle annotations 3 - hen,https://study.com/academy/lesson/life-cycle-of-a-hen-lesson-for-kids.html,What indicates that a chicken is still a baby?,It is covered with down,It has feathers,"qStageIndicator(life_cycle,""hen"",""baby"").option(a,""It is covered with down"").option(b,""It has feathers"")."
si-39,life cycle annotations 3 - hen,https://study.com/academy/lesson/life-cycle-of-a-hen-lesson-for-kids.html,At what point does a chicken become an adult hen?,Once it begins to lay eggs,When it is covered with down,"qStageIndicator(life_cycle,""hen"",""adult"").option(a,""Once it begins to lay eggs"").option(b,""When it is covered with down"")."
si-40,life cycle annotations 3 - human2,https://study.com/academy/lesson/human-life-cycle-lesson-for-kids.html,What indicates that a human is still in the childhood stage?,It's learning how to read,It has teeth,"qStageIndicator(life_cycle,""human"",""childhood"").option(a,""It's learning how to read"").option(b,""It has teeth"")."
si-41,life cycle annotations 3 - human2,https://study.com/academy/lesson/human-life-cycle-lesson-for-kids.html,When do you consider a human to have reached the adult stage?,When it can have babies,When it learns to read and write,"qStageIndicator(life_cycle,""human"",""adult"").option(a,""When it can have babies"").option(b,""When it learns to read and write"")."
si-42,life cycle annotations 3 - Longleaf Pine,https://longleafalliance.org/what-is-longleaf/the-tree/life-stages,When do you think a longleaf pine is in the grass stage?,When it looks like  a clump of grass,When it grows,"qStageIndicator(life_cycle,""longleaf pine"",""grass"").option(a,""When it looks like  a clump of grass"").option(b,""When it grows"")."
si-43,life cycle annotations 3 - Longleaf Pine,https://longleafalliance.org/what-is-longleaf/the-tree/life-stages,When do you think a longleaf pine has reached the mature stage?,When it looks like a living telephone pole,When it may become infected with a fungus,"qStageIndicator(life_cycle,""longleaf pine"",""mature"").option(a,""When it looks like a living telephone pole"").option(b,""When it may become infected with a fungus"")."
si-44,life cycle annotations 3 - Longleaf Pine,https://longleafalliance.org/what-is-longleaf/the-tree/life-stages,When do you think a longleaf pine has reached the mature stage?,When it may become infected with the red heart fungus ,When it is suspectble to fire,"qStageIndicator(life_cycle,""longleaf pine"",""mature"").option(a,""When it may become infected with the red heart fungus "").option(b,""When it is suspectble to fire"")."
si-45,life cycle annotations 3 - Longleaf Pine,https://longleafalliance.org/what-is-longleaf/the-tree/life-stages,When do you think a longleaf pine is in the grass stage?,When it  may become When it may get infected with a fungus called brown spot needle,When it is less suspectble to fire,"qStageIndicator(life_cycle,""longleaf pine"",""grass"").option(a,""When it  may become When it may get infected with a fungus called brown spot needle"").option(b,""When it is less suspectble to fire"")."
si-46,life cycle annotations 3 - Longleaf Pine,https://longleafalliance.org/what-is-longleaf/the-tree/life-stages,When do you think a longleaf pine is in the Bottle Brush stage?,When it  resembles a three to four-foot bottlebrush,When it is  suspectble to fire,"qStageIndicator(life_cycle,""longleaf pine"",""bottle brush"").option(a,""When it  resembles a three to four-foot bottlebrush"").option(b,""When it is  suspectble to fire"")."
si-47,life cycle annotations 3 - penguin1,https://birdeden.com/penguin-life-cycle,When do you consider a penguin to have reached the adult stage?,When it starts breeding,When it has feathers,"qStageIndicator(life_cycle,""penguin"",""adult"").option(a,""When it starts breeding"").option(b,""When it has feathers"")."
si-48,life cycle annotations 3 - penguin1,https://birdeden.com/penguin-life-cycle,What indicates that the penguin is still in the chick stage?,It depends on its parent for food,It has feathers,"qStageIndicator(life_cycle,""penguin"",""chick"").option(a,""It depends on its parent for food"").option(b,""It has feathers"")."
si-49,life cycle annotations 3 - penguin2,https://study.com/academy/lesson/life-cycle-of-an-emperor-penguin-lesson-for-kids.html,When do you consider a penguin an adult?,When they grow their water proof feathers.,When they are big ,"qStageIndicator(life_cycle,""penguin"",""adult"").option(a,""When they grow their water proof feathers."").option(b,""When they are big "")."
si-50,life cycle annotations 3 - penguin2,https://study.com/academy/lesson/life-cycle-of-an-emperor-penguin-lesson-for-kids.html,What is proof that a penguin is in the baby chick stage?,It needs its mother to keep warm,It is covered with layer of feathers,"qStageIndicator(life_cycle,""penguin"",""baby"").option(a,""It needs its mother to keep warm"").option(b,""It is covered with layer of feathers"")."
si-51,life cycle annotations 3 - penguin2,https://study.com/academy/lesson/life-cycle-of-an-emperor-penguin-lesson-for-kids.html,When do you believe a penguin reaches the adult stage?,When its adult feathers come in,When it has feathers,"qStageIndicator(life_cycle,""penguin"",""adult"").option(a,""When its adult feathers come in"").option(b,""When it has feathers"")."
si-52,life cycle annotations 3 - toad1,https://study.com/academy/lesson/life-cycle-of-a-toad-lesson-for-kids.html,When do you believe a toad reaches the adult stage?,When it is ready to have babies,When it uses its tongue to catch food,"qStageIndicator(life_cycle,""toad"",""adult"").option(a,""When it is ready to have babies"").option(b,""When it uses its tongue to catch food"")."
si-53,life cycle annotations 3 - toad1,https://study.com/academy/lesson/life-cycle-of-a-toad-lesson-for-kids.html,What is an evidence that a toad is still in the tadpole stage?,It eats algae,It needs water to survive,"qStageIndicator(life_cycle,""toad"",""tadpole"").option(a,""It eats algae"").option(b,""It needs water to survive"")."
si-54,life cycle annotations 3 - tree,https://study.com/academy/lesson/life-cycle-of-a-plant-lesson-for-kids.html,When do you consider a plant to have reached the  adult stage?,When it can make its own seeds.,When it has grown deep roots.,"qStageIndicator(life_cycle,""tree"",""adult"").option(a,""When it can make its own seeds."").option(b,""When it has grown deep roots."")."
si-55,life cycle annotations 3 - tree,https://study.com/academy/lesson/life-cycle-of-a-plant-lesson-for-kids.html,When is a plant considered a young adult?,"When it begins to look more like it  parent plant, but still can't make  their own seeds",When it has leaves.,"qStageIndicator(life_cycle,""tree"",""young adult"").option(a,""When it begins to look more like it  parent plant, but still can't make  their own seeds"").option(b,""When it has leaves."")."
si-56,life cycle annotations 3 - tree,https://study.com/academy/lesson/life-cycle-of-a-plant-lesson-for-kids.html,What tells you that a plant is in the adult stage?,The plant has  flowers,Tthe plant  looks like its parent plant.,"qStageIndicator(life_cycle,""tree"",""adult"").option(a,""The plant has  flowers"").option(b,""Tthe plant  looks like its parent plant."")."
si-57,life cycle annotations 3 - tree2,http://texastreeid.tamu.edu/content/howTreesGrow/,How do you know a tree is a snag?,It looks like a standing dead tree.,"It is made of three parts, an embryo, endosperm and seed coat.","qStageIndicator(life_cycle,""tree"",""snag"").option(a,""It looks like a standing dead tree."").option(b,""It is made of three parts, an embryo, endosperm and seed coat."")."
si-58,life cycle annotations 3 - tree2,http://texastreeid.tamu.edu/content/howTreesGrow/,What indicates that a tree has matured?,It is able to develop flowers.,It is able to grow.,"qStageIndicator(life_cycle,""tree"",""mature"").option(a,""It is able to develop flowers."").option(b,""It is able to grow."")."
si-59,life cycle annotations 3 - tree2,http://texastreeid.tamu.edu/content/howTreesGrow/,What indicates that a tree is a seedling?,It has sprouted from a seed.,It grows branches and flowers.,"qStageIndicator(life_cycle,""tree"",""seedling"").option(a,""It has sprouted from a seed."").option(b,""It grows branches and flowers."")."
si-60,life cycle annotations 3 - wolf,https://study.com/academy/lesson/wolf-life-cycle-lesson-for-kids.html,What makes a wolf an adult?,When  they are 3 years old.,When they're ready to mate and reproduce.,"qStageIndicator(life_cycle,""wolf"",""adult"").option(a,""When  they are 3 years old."").option(b,""When they're ready to mate and reproduce."")."
si-61,life cycle annotations 3 - wolf,https://study.com/academy/lesson/wolf-life-cycle-lesson-for-kids.html,What shows that a wolf is in the pup stage?,It can't open it's eyes,It is able to walk,"qStageIndicator(life_cycle,""wolf"",""pup"").option(a,""It can't open it's eyes"").option(b,""It is able to walk"")."
si-62,life cycle annotations 3 - wolf,https://study.com/academy/lesson/wolf-life-cycle-lesson-for-kids.html,When do you think a wolf has reached the adult stage?,When it knows how to use resources around it to survive,When it can reproduce,"qStageIndicator(life_cycle,""wolf"",""adult"").option(a,""When it knows how to use resources around it to survive"").option(b,""When it can reproduce"")."
si-63,life_cycle_annotations - butterfly,http://www3.canisius.edu/~grandem/butterflylifecycle/The_Lifecycle_of_a_Butterfly_print.html,How do you know that a butterfly is an adult?,It can fly.,It rests in a chrysalis.,"qStageIndicator(life_cycle,""butterfly"",""adult"").option(a,""It can fly."").option(b,""It rests in a chrysalis."")."
si-64,life_cycle_annotations - butterfly,http://www3.canisius.edu/~grandem/butterflylifecycle/The_Lifecycle_of_a_Butterfly_print.html,When do you consider a butterfly to have reached the adult stage?,When it has wings,When it's in the chrysalis,"qStageIndicator(life_cycle,""butterfly"",""adult"").option(a,""When it has wings"").option(b,""When it's in the chrysalis"")."
si-65,life_cycle_annotations - butterfly,http://www3.canisius.edu/~grandem/butterflylifecycle/The_Lifecycle_of_a_Butterfly_print.html,What indicates that the butterfly is still in the caterpillar stage?,It looks like a worm,When it eats,"qStageIndicator(life_cycle,""butterfly"",""caterpillar"").option(a,""It looks like a worm"").option(b,""When it eats"")."
si-66,life_cycle_annotations - Cockroach,https://www.orkin.com/cockroaches/american-cockroach/american-cockroach-life-cycle/,What shows that the cockroach is in the nymph stage?,It is undergoing multiple molts,It lives in the ootheca,"qStageIndicator(life_cycle,""cockroach"",""nymph"").option(a,""It is undergoing multiple molts"").option(b,""It lives in the ootheca"")."
si-67,life_cycle_annotations - Cockroach,https://www.orkin.com/cockroaches/american-cockroach/american-cockroach-life-cycle/,When do you think a cockroach has reached the adult stage?,When it has reproductive capabilities,When it lives outside,"qStageIndicator(life_cycle,""cockroach"",""adult"").option(a,""When it has reproductive capabilities"").option(b,""When it lives outside"")."
si-68,life_cycle_annotations - Crickets,https://cricketcare.org/life-cycle/,What indicates that the cricket is still in the nymph stage?,When it looks like small versions of adult crickets but does not have wings,It is inside the egg,"qStageIndicator(life_cycle,""cricket"",""nymph"").option(a,""When it looks like small versions of adult crickets but does not have wings"").option(b,""It is inside the egg"")."
si-69,life_cycle_annotations - Crickets,https://cricketcare.org/life-cycle/,When do you consider a cricket to have reached the adult stage?,When it starts mating,When it has wings,"qStageIndicator(life_cycle,""cricket"",""adult"").option(a,""When it starts mating"").option(b,""When it has wings"")."
si-70,life_cycle_annotations - Crickets,https://cricketcare.org/life-cycle/,When do you consider a cricket to have reached the adult stage?,When its wings are fully developed.,When they grow wings.,"qStageIndicator(life_cycle,""cricket"",""adult"").option(a,""When its wings are fully developed."").option(b,""When they grow wings."")."
si-71,life_cycle_annotations - dragonflies,https://www.dragonfly-site.com/dragonfly-life-cycle.html,When is a dragonfly an adult?,When it leaves the exuvia.,When it eats.,"qStageIndicator(life_cycle,""dragonfly"",""adult"").option(a,""When it leaves the exuvia."").option(b,""When it eats."")."
si-72,life_cycle_annotations - dragonflies,https://www.dragonfly-site.com/dragonfly-life-cycle.html,When do you believe dragonflies reach the adult stage?,When it looks for mate,When it can be seen on body of calm water,"qStageIndicator(life_cycle,""dragonfly"",""adult"").option(a,""When it looks for mate"").option(b,""When it can be seen on body of calm water"")."
si-73,life_cycle_annotations - dragonflies,https://www.dragonfly-site.com/dragonfly-life-cycle.html,What shows that a dragonfly is still in the nymph stage?,It has a  a crusty hump hanging onto its back,It is in the water,"qStageIndicator(life_cycle,""dragonfly"",""nymph"").option(a,""It has a  a crusty hump hanging onto its back"").option(b,""It is in the water"")."
si-74,life_cycle_annotations - fleas,https://www.orkin.com/other/fleas/fleas-life-cycle/,When do you think a flea is in the adult stage?,It takes blood meals,When it eats,"qStageIndicator(life_cycle,""flea"",""adult"").option(a,""It takes blood meals"").option(b,""When it eats"")."
si-75,life_cycle_annotations - fleas,https://www.orkin.com/other/fleas/fleas-life-cycle/,When do you think a flea is in the adult stage?,It can lay eggs,It is whitish,"qStageIndicator(life_cycle,""flea"",""adult"").option(a,""It can lay eggs"").option(b,""It is whitish"")."
si-76,life_cycle_annotations - fleas,https://www.orkin.com/other/fleas/fleas-life-cycle/,When do you think a flea is in the larvae stage?,When it is undergoing larval instars,When it is on the ground,"qStageIndicator(life_cycle,""flea"",""larva"").option(a,""When it is undergoing larval instars"").option(b,""When it is on the ground"")."
si-77,life_cycle_annotations - fleas,https://www.orkin.com/other/fleas/fleas-life-cycle/,What  indicates that the flea is a larvae?,"It is semi transparent, white.",It is black.,"qStageIndicator(life_cycle,""flea"",""larva"").option(a,""It is semi transparent, white."").option(b,""It is black."")."
si-78,life_cycle_annotations - frog_1,http://www.enchantedlearning.com/subjects/amphibians/label/froglifecycle/label.shtml,What shows that the frog is in the tadpole stage?,It recently hatched from the egg,It breathes using gills,"qStageIndicator(life_cycle,""frog"",""tadpole"").option(a,""It recently hatched from the egg"").option(b,""It breathes using gills"")."
si-79,life_cycle_annotations - frog_1,http://www.enchantedlearning.com/subjects/amphibians/label/froglifecycle/label.shtml,When do you think a frog has reached the adult stage?,When it has no tail,When it has lungs,"qStageIndicator(life_cycle,""frog"",""adult"").option(a,""When it has no tail"").option(b,""When it has lungs"")."
si-80,life_cycle_annotations - frog_1,http://www.enchantedlearning.com/subjects/amphibians/label/froglifecycle/label.shtml,When do you think a frog has reached the froglet stage?,When it has both tail and lungs.,When it has tail,"qStageIndicator(life_cycle,""frog"",""froglet"").option(a,""When it has both tail and lungs."").option(b,""When it has tail"")."
si-81,life_cycle_annotations - frog_3,http://earthsbirthday.org/images/uploads/ip/Frog-Life-Cycle.pdf,When is a frog considered an adult?,When it has no tail.,When it still has gills.,"qStageIndicator(life_cycle,""frog"",""adult"").option(a,""When it has no tail."").option(b,""When it still has gills."")."
si-82,life_cycle_annotations - frog_3,http://earthsbirthday.org/images/uploads/ip/Frog-Life-Cycle.pdf,When is a frog considered a tadpole?,When it breaths with gills.,When it lives on the land.,"qStageIndicator(life_cycle,""frog"",""tadpole"").option(a,""When it breaths with gills."").option(b,""When it lives on the land."")."
si-83,life_cycle_annotations - frog_3,http://earthsbirthday.org/images/uploads/ip/Frog-Life-Cycle.pdf,When do you consider a frog to have reached the tadpole stage?,When it eats plants,When it can swim in the water,"qStageIndicator(life_cycle,""frog"",""tadpole"").option(a,""When it eats plants"").option(b,""When it can swim in the water"")."
si-84,life_cycle_annotations - frog_1,http://www.enchantedlearning.com/subjects/amphibians/label/froglifecycle/label.shtml,When do you think a frog has reached the adult stage?,When it eats insects.,When it can swim,"qStageIndicator(life_cycle,""frog"",""adult"").option(a,""When it eats insects."").option(b,""When it can swim"")."
si-85,life_cycle_annotations - frog_3,http://earthsbirthday.org/images/uploads/ip/Frog-Life-Cycle.pdf,What indicates that the frog is in the adult stage?,It breathes air,It can swim,"qStageIndicator(life_cycle,""frog"",""adult"").option(a,""It breathes air"").option(b,""It can swim"")."
si-86,life_cycle_annotations - grasshopper,https://animalsake.com/life-cycle-of-grasshoppers,What marks grasshoppers as adult?,The wings are fully developed.,They have wing buds,"qStageIndicator(life_cycle,""grasshopper"",""adult"").option(a,""The wings are fully developed."").option(b,""They have wing buds"")."
si-87,life_cycle_annotations - grasshopper,https://animalsake.com/life-cycle-of-grasshoppers,What shows that the grasshopper is in the nymph stage?,It undergoes molts,It has predators,"qStageIndicator(life_cycle,""grasshopper"",""nymph"").option(a,""It undergoes molts"").option(b,""It has predators"")."
si-88,life_cycle_annotations - grasshopper,https://animalsake.com/life-cycle-of-grasshoppers,When do you think a grasshopper has reached the adult stage?,When it develops wings,When it is mobile,"qStageIndicator(life_cycle,""grasshopper"",""adult"").option(a,""When it develops wings"").option(b,""When it is mobile"")."
si-89,life_cycle_annotations - lice,https://www.cdc.gov/parasites/lice/head/biology.html,When do you consider lice to have reached the nymph stage?,When the egg hatches,When it looks like adult louse,"qStageIndicator(life_cycle,""lice"",""nymph"").option(a,""When the egg hatches"").option(b,""When it looks like adult louse"")."
si-90,life_cycle_annotations - lice,https://www.cdc.gov/parasites/lice/head/biology.html,What indicates that the lice is in the adult stage?,It needs to feed on blood constantly,It lives on hair,"qStageIndicator(life_cycle,""lice"",""adult"").option(a,""It needs to feed on blood constantly"").option(b,""It lives on hair"")."
si-91,life_cycle_annotations - lice,https://www.cdc.gov/parasites/lice/head/biology.html,At what size do you consider lice to have reached the nymph stage?,When they are the size of a pinhead.,When they are the size of a sesame seed.,"qStageIndicator(life_cycle,""lice"",""nymph"").option(a,""When they are the size of a pinhead."").option(b,""When they are the size of a sesame seed."")."
si-92,life_cycle_annotations - lice,https://www.cdc.gov/parasites/lice/head/biology.html,What indicates that lice are in the adult stage?,When they apear greyish,When they are dull yellow in color,"qStageIndicator(life_cycle,""lice"",""adult"").option(a,""When they apear greyish"").option(b,""When they are dull yellow in color"")."
si-93,life_cycle_annotations - lizard,https://www.cuteness.com/article/life-cycles-lizards,When do you consider a lizard to have reached the adult stage?,When they begin mating,When they can fend for themselves,"qStageIndicator(life_cycle,""lizard"",""adult"").option(a,""When they begin mating"").option(b,""When they can fend for themselves"")."
si-94,life_cycle_annotations - lizard,https://www.cuteness.com/article/life-cycles-lizards,What indicates that the lizard is still in the juvenile lizard stage?,When they have hatched from the egg but  can't reproduce yet,When they can do push ups,"qStageIndicator(life_cycle,""lizard"",""juvenile"").option(a,""When they have hatched from the egg but  can't reproduce yet"").option(b,""When they can do push ups"")."
si-95,life_cycle_annotations - mosquitoes,https://www.mosquito.org/page/lifecycle,When do you think a mosquito has reached the adult stage?,When it can fly,When it can move,"qStageIndicator(life_cycle,""mosquito"",""adult"").option(a,""When it can fly"").option(b,""When it can move"")."
si-96,life_cycle_annotations - mosquitoes,https://www.mosquito.org/page/lifecycle,What is an indication that a mosquito is still in the pupa stage?,It does not feed but can move,It lives underwater,"qStageIndicator(life_cycle,""mosquito"",""pupa"").option(a,""It does not feed but can move"").option(b,""It lives underwater"")."
si-97,life_cycle_annotations - mosquitoes,https://www.mosquito.org/page/lifecycle,What is an indication that a mosquito is  in the larva stage?,It  feeds on microorganisms and organic matter in the water,It takes blood meals,"qStageIndicator(life_cycle,""mosquito"",""larva"").option(a,""It  feeds on microorganisms and organic matter in the water"").option(b,""It takes blood meals"")."
si-98,life_cycle_annotations - moth,https://www.mothprevention.com/pages/the-clothes-moth-life-cycle,When do you think a moth reaches the adult stage?,When it emerges from the cocoon,When it requires humidity,"qStageIndicator(life_cycle,""moth"",""adult"").option(a,""When it emerges from the cocoon"").option(b,""When it requires humidity"")."
si-99,life_cycle_annotations - moth,https://www.mothprevention.com/pages/the-clothes-moth-life-cycle,When do you think a moth reaches the adult stage?,When it can lay eggs,When it depends on silk clothing for food,"qStageIndicator(life_cycle,""moth"",""adult"").option(a,""When it can lay eggs"").option(b,""When it depends on silk clothing for food"")."
si-100,life_cycle_annotations - moth,https://www.mothprevention.com/pages/the-clothes-moth-life-cycle,What is proof that a moth is still in the larva stage?,It depends on moisture to help intake of water,It can't fly,"qStageIndicator(life_cycle,""moth"",""larva"").option(a,""It depends on moisture to help intake of water"").option(b,""It can't fly"")."
si-101,life_cycle_annotations - newt,http://animals.mom.me/newts-life-cycle-6838.html,How would you know that a newt is in the adult stage?,It can walk on land and also can swim in the water.,It is able to swim in water.,"qStageIndicator(life_cycle,""newt"",""adult"").option(a,""It can walk on land and also can swim in the water."").option(b,""It is able to swim in water."")."
si-102,life_cycle_annotations - newt,http://animals.mom.me/newts-life-cycle-6838.html,How would you know that a newt is in the adult stage?,It is able lay eggs.,It is able to swim in water.,"qStageIndicator(life_cycle,""newt"",""adult"").option(a,""It is able lay eggs."").option(b,""It is able to swim in water."")."
si-103,life_cycle_annotations - Praying mantises,http://animals.mom.me/stages-praying-mantis-life-cycle-6282.html,When do you think a praying mantis has reached the adult stage?,When it is able to mate,When it is able to feed itslef,"qStageIndicator(life_cycle,""praying mantis"",""adult"").option(a,""When it is able to mate"").option(b,""When it is able to feed itslef"")."
si-104,life_cycle_annotations - Praying mantises,http://animals.mom.me/stages-praying-mantis-life-cycle-6282.html,When do you think a praying mantis has reached the adult stage?,When it preys on tree frogs,When it preys on small insects,"qStageIndicator(life_cycle,""praying mantis"",""adult"").option(a,""When it preys on tree frogs"").option(b,""When it preys on small insects"")."
si-105,life_cycle_annotations - Praying mantises,http://animals.mom.me/stages-praying-mantis-life-cycle-6282.html,What is an indication that a praying mantis is still in the adolescent stage?,It rarely feeds,It sheds off its exoskeleton,"qStageIndicator(life_cycle,""praying mantis"",""adolescent"").option(a,""It rarely feeds"").option(b,""It sheds off its exoskeleton"")."
si-106,life_cycle_annotations_2 - bird,https://www.britishbirdlovers.co.uk/identifying-birds/the-life-cycle-of-a-bird,What is proof that a bird is still in the hatchling stage?,When it  is almost completely naked apart from some fine down,When it relies on its parents for feeding ,"qStageIndicator(life_cycle,""bird"",""hatchling"").option(a,""When it  is almost completely naked apart from some fine down"").option(b,""When it relies on its parents for feeding "")."
si-107,life_cycle_annotations_2 - bird,https://www.britishbirdlovers.co.uk/identifying-birds/the-life-cycle-of-a-bird,When do you think a bird reaches the adult stage?,When it is able to reproduce,When it has plumage,"qStageIndicator(life_cycle,""bird"",""adult"").option(a,""When it is able to reproduce"").option(b,""When it has plumage"")."
si-108,life_cycle_annotations_2 - bird,https://www.britishbirdlovers.co.uk/identifying-birds/the-life-cycle-of-a-bird,When do you think a bird reaches the nestling stage?,When  their eyes may have opened but they are unable to leave the nest,When they rely on their parents for feeding ,"qStageIndicator(life_cycle,""bird"",""nestling"").option(a,""When  their eyes may have opened but they are unable to leave the nest"").option(b,""When they rely on their parents for feeding "")."
si-109,life_cycle_annotations_2 - bird,https://www.britishbirdlovers.co.uk/identifying-birds/the-life-cycle-of-a-bird,When do you think a bird reaches the hatcling stage?,When  they have just hatched from the egg,When they rely on their parents for warmth ,"qStageIndicator(life_cycle,""bird"",""nestling"").option(a,""When  they have just hatched from the egg"").option(b,""When they rely on their parents for warmth "")."
si-110,life_cycle_annotations_2 - bird,https://www.britishbirdlovers.co.uk/identifying-birds/the-life-cycle-of-a-bird,When do you think a bird reaches the adult stage?,When  they have adult plummage,When they fully  independent,"qStageIndicator(life_cycle,""bird"",""adult"").option(a,""When  they have adult plummage"").option(b,""When they fully  independent"")."
si-111,life_cycle_annotations_2 - fish,http://seagrant.mit.edu/hatchery/lifecycle.html,What shows that a fish has become an adult?,It can lay eggs.,It begins to have the appearance of an adult fish.,"qStageIndicator(life_cycle,""fish"",""adult"").option(a,""It can lay eggs."").option(b,""It begins to have the appearance of an adult fish."")."
si-112,life_cycle_annotations_2 - fish,http://seagrant.mit.edu/hatchery/lifecycle.html,How would you know that a fish is in the larval stage?,It has a yok sac attached to it,It takes dry feed,"qStageIndicator(life_cycle,""fish"",""larva"").option(a,""It has a yok sac attached to it"").option(b,""It takes dry feed"")."
si-113,life_cycle_annotations_2 - fish,http://seagrant.mit.edu/hatchery/lifecycle.html,What is an indication that a fish is still in the larval stage?,It has finfold,It has fin,"qStageIndicator(life_cycle,""fish"",""larva"").option(a,""It has finfold"").option(b,""It has fin"")."
si-114,life_cycle_annotations_2 - fish,http://seagrant.mit.edu/hatchery/lifecycle.html,When do you think a fish has reached the adult stage?,When it can reproduce,When it can swim,"qStageIndicator(life_cycle,""fish"",""adult"").option(a,""When it can reproduce"").option(b,""When it can swim"")."
si-115,life_cycle_annotations_2 - fish,http://seagrant.mit.edu/hatchery/lifecycle.html,When do you think a fish has reached the juvenile stage?,When it has the characteristics of an adult fish but it is not sexually mature,When it has a fin,"qStageIndicator(life_cycle,""fish"",""adult"").option(a,""When it has the characteristics of an adult fish but it is not sexually mature"").option(b,""When it has a fin"")."
si-116,life_cycle_annotations_2 - grizzly_bear,https://sciencing.com/life-cycle-grizzly-bears-6663039.html,When does a bear reach the adult stage?,When they start mating,When they are able to hunt,"qStageIndicator(life_cycle,""bear"",""adult"").option(a,""When they start mating"").option(b,""When they are able to hunt"")."
si-117,life_cycle_annotations_2 - grizzly_bear,https://sciencing.com/life-cycle-grizzly-bears-6663039.html,What shows that a bear is in the cub stage?,When it feed from its mothers breast,When it has fur ,"qStageIndicator(life_cycle,""bear"",""cub"").option(a,""When it feed from its mothers breast"").option(b,""When it has fur "")."
si-118,life_cycle_annotations_2 - Hammerhead_shark,http://animals.mom.me/steps-hammerhead-sharks-life-cycle-7680.html,When do you consider a hammerhead to reach the Adult stage?,When they are around 20 feet long,When they have a  cephalofoil,"qStageIndicator(life_cycle,""hammerhead shark"",""adult"").option(a,""When they are around 20 feet long"").option(b,""When they have a  cephalofoil"")."
si-119,life_cycle_annotations_2 - Hammerhead_shark,http://animals.mom.me/steps-hammerhead-sharks-life-cycle-7680.html,When do you think hammerhead sharks reach the adult stage?,When they weigh 1000 pounds,When they can eat octopus,"qStageIndicator(life_cycle,""hammerhead shark"",""adult"").option(a,""When they weigh 1000 pounds"").option(b,""When they can eat octopus"")."
si-120,life_cycle_annotations_2 - human_1,https://k8schoollessons.com/human-life-cycle/,When do you think a human has reached adulthood?,When it reaches 20 years of age,"When it can jump, walk, run","qStageIndicator(life_cycle,""human"",""adulthood"").option(a,""When it reaches 20 years of age"").option(b,""When it can jump, walk, run"")."
si-121,life_cycle_annotations_2 - human_1,https://k8schoollessons.com/human-life-cycle/,What shows that a human is still a baby?,It fed on mother's milk,It can swallow,"qStageIndicator(life_cycle,""human"",""baby"").option(a,""It fed on mother's milk"").option(b,""It can swallow"")."
si-122,life_cycle_annotations_2 - human_1,https://k8schoollessons.com/human-life-cycle/,What shows that a human is in the childhood stage?,It is 8 years old,It can walk,"qStageIndicator(life_cycle,""human"",""childhood"").option(a,""It is 8 years old"").option(b,""It can walk"")."
si-123,life_cycle_annotations_2 - whale,https://www.wildaboutwhales.com.au/whale-facts/about-whales/whale-life-cycle,What shows that a whale is in the adolescent stage?,When it leaves their original pod,When it looks for whales with whom to mate,"qStageIndicator(life_cycle,""whale"",""adolescent"").option(a,""When it leaves their original pod"").option(b,""When it looks for whales with whom to mate"")."
si-124,life_cycle_annotations_2 - whale,https://www.wildaboutwhales.com.au/whale-facts/about-whales/whale-life-cycle,When does a whale reach the adult stage?,When it reaches sexual maturity,When it can swim on its own,"qStageIndicator(life_cycle,""whale"",""adult"").option(a,""When it reaches sexual maturity"").option(b,""When it can swim on its own"")."
si-125,life_cycle_annotations_2 - whale,https://www.wildaboutwhales.com.au/whale-facts/about-whales/whale-life-cycle,What indicates a whale is in the baby stage?,It frequently nurses on the mother's milk,It is weaned,"qStageIndicator(life_cycle,""whale"",""baby"").option(a,""It frequently nurses on the mother's milk"").option(b,""It is weaned"")."
